JK MEDICO Pvt Ltd,,,,,
BIOS LAB PVT.LTD.,,,,,
Product Wise Sales for the period 01-08-2023 to 31-08-2023,,,,,
,,,,,
Customer,Product,Qty,Free,Value,
 DR.A.K.DAS ,BIOXIGA MS 100 10 T,6,0,848.58,
,,,,,
 DR.A.K.DAS ,B-PAM 10 10 TAB,3,0,161.58,
,,,,,
 DR.A.K.DAS ,R-ZOLE 20 10 TAB,0,2,0,
,,,,,
 DR.A.K.DAS ,R-ZOLE D 10 T,0,3,0,
,,,,,
 DR.A.K.DAS ,TELEXA-M 50 10 T,10,0,565.7,
,,,,,
 DR.A.K.DAS ,VOLENT GEL 30 GM,0,5,0,
,,,,,
Sub Total,-,0,0,1575.86,
,,,,,
 DR.DIVYESH G RAJKOT,R-ZOLE 20 10 TAB,3,0,135,
,,,,,
 DR.DIVYESH G RAJKOT,STELLA 60K 4 TAB,1,0,70.71,
,,,,,
Sub Total,-,0,0,205.71,
,,,,,
 DR.NILESH BHINDI RAJKOT,BIOPRE-NT 10 T,1,0,90,
,,,,,
Sub Total,-,0,0,90,
,,,,,
 DR.T.R.VITHLANI RAJKOT,BIO-ANXIT CZ 0.25 10 T,2,0,113.14,
,,,,,
 DR.T.R.VITHLANI RAJKOT,BIOMET G1 10 TAB,6,0,127.26,
,,,,,
 DR.T.R.VITHLANI RAJKOT,BIOPRE-NT 10 T,1,0,90,
,,,,,
 DR.T.R.VITHLANI RAJKOT,BIOTENLY-M 10 T,5,0,417.85,
,,,,,
 DR.T.R.VITHLANI RAJKOT,ROZTOR 5 10 T,10,0,321.4,
,,,,,
 DR.T.R.VITHLANI RAJKOT,ROZTOR A 10 C.,3,0,162,
,,,,,
Sub Total,-,0,0,1231.65,
,,,,,
A ONE MEDICAL STORE JASDAN JASDAN,BIOMET G2 10 T,6,0,138.84,
,,,,,
A ONE MEDICAL STORE JASDAN JASDAN,STELLA 60K 4 TAB,4,0,282.84,
,,,,,
Sub Total,-,0,0,421.68,
,,,,,
AAGMAN CHEMIST RAJKOT,STELLA 60K 4 TAB,20,0,1414.2,
,,,,,
Sub Total,-,0,0,1414.2,
,,,,,
AAYUSH PHARMACY RAJNAGAR 865 RAJKOT,ETIWELL 0.25 10 TAB,2,0,42.42,
,,,,,
AAYUSH PHARMACY RAJNAGAR 865 RAJKOT,R-ZOLE DSR 10 CAP,2,0,113.14,
,,,,,
Sub Total,-,0,0,155.56,
,,,,,
ABC MEDICAL CENTRE SARDARNAGAR RAJKOT,BIO-ANXIT 10 T,8,0,462.88,
,,,,,
ABC MEDICAL CENTRE SARDARNAGAR RAJKOT,BIOMET G1 10 TAB,2,0,42.42,
,,,,,
ABC MEDICAL CENTRE SARDARNAGAR RAJKOT,BIOMET G2 10 T,3,0,69.42,
,,,,,
ABC MEDICAL CENTRE SARDARNAGAR RAJKOT,BIOXIGA M 10 T.,3,0,308.58,
,,,,,
ABC MEDICAL CENTRE SARDARNAGAR RAJKOT,DIEXOMET G1 10 T,3,0,137.13,
,,,,,
ABC MEDICAL CENTRE SARDARNAGAR RAJKOT,DIEXOMET GV 1.3 1*10,6,0,424.26,
,,,,,
ABC MEDICAL CENTRE SARDARNAGAR RAJKOT,ETIWELL 0.5 10 T.,3,0,84.87,
,,,,,
ABC MEDICAL CENTRE SARDARNAGAR RAJKOT,GTT KIT 75 GM,1,0,36.61,
,,,,,
ABC MEDICAL CENTRE SARDARNAGAR RAJKOT,ROZTOR 10 10 T,6,0,308.58,
,,,,,
ABC MEDICAL CENTRE SARDARNAGAR RAJKOT,ROZTOR 5 10 T,2,0,64.28,
,,,,,
ABC MEDICAL CENTRE SARDARNAGAR RAJKOT,R-ZOLE 20 10 TAB,6,0,270,
,,,,,
ABC MEDICAL CENTRE SARDARNAGAR RAJKOT,R-ZOLE DSR 10 CAP,3,0,169.71,
,,,,,
ABC MEDICAL CENTRE SARDARNAGAR RAJKOT,STELLA 60K 4 TAB,3,0,212.13,
,,,,,
ABC MEDICAL CENTRE SARDARNAGAR RAJKOT,TELEXA 40 10 TAB,3,0,127.29,
,,,,,
ABC MEDICAL CENTRE SARDARNAGAR RAJKOT,TELEXA H 40 10 TAB,9,0,445.5,
,,,,,
ABC MEDICAL CENTRE SARDARNAGAR RAJKOT,TELEXA-AM 10 TAB,2,0,113.14,
,,,,,
Sub Total,-,0,0,3276.8,
,,,,,
ADITYA MEDICINES VIDHYANAGAR RAJKOT,R-ZOLE D 10 T,3,0,142.08,
,,,,,
ADITYA MEDICINES VIDHYANAGAR RAJKOT,TELEXA 40 10 TAB,3,0,127.29,
,,,,,
Sub Total,-,0,0,269.37,
,,,,,
AKSHAR MEDICINES JAGNATH 482 RAJKOT,BIOMET PG 10 T,6,0,254.58,
,,,,,
AKSHAR MEDICINES JAGNATH 482 RAJKOT,R-ZOLE DSR 10 CAP,9,0,509.13,
,,,,,
AKSHAR MEDICINES JAGNATH 482 RAJKOT,STELLA 60K 4 TAB,2,0,141.42,
,,,,,
Sub Total,-,0,0,905.13,
,,,,,
AKSHAR MEDICINES KANKOT RAJKOT,BIOXIGA  10 TAB,3,0,308.58,
,,,,,
Sub Total,-,0,0,308.58,
,,,,,
ALL IN ONE MEDICAL STORE RAJKOT,BIO-ANXIT NT 10 T,3,0,192.87,
,,,,,
Sub Total,-,0,0,192.87,
,,,,,
AMBICA MEDICAL AGENCY RAJKOT,CDH FORTE 10 T.,3,0,250.71,
,,,,,
Sub Total,-,0,0,250.71,
,,,,,
AMIDHARA CHEMIST RAJKOT,BSOX GEL 100 ML,1,0,77.14,
,,,,,
Sub Total,-,0,0,77.14,
,,,,,
AMRUT MED & COSMETIC RYRD RAJKOT,BIOMET G2 10 T,13,0,300.82,
,,,,,
AMRUT MED & COSMETIC RYRD RAJKOT,BIOMET G2 P 10 TAB,6,0,278.52,
,,,,,
Sub Total,-,0,0,579.34,
,,,,,
AMRUT MEDICAL STORES GANDHIGRM RAJKOT,BIOMET G1 10 TAB,6,0,127.26,
,,,,,
AMRUT MEDICAL STORES GANDHIGRM RAJKOT,BIOPRE-NT 10 T,3,0,270,
,,,,,
Sub Total,-,0,0,397.26,
,,,,,
AMRUT PHARMACY 150FT (857) RAJKOT,TELEXA 40 10 TAB,5,0,212.15,
,,,,,
Sub Total,-,0,0,212.15,
,,,,,
ANANDMAYI MEDICAL STORES 0032 RAJKOT,BIOMET G1 10 TAB,20,0,424.2,
,,,,,
ANANDMAYI MEDICAL STORES 0032 RAJKOT,BIOMET G1 P  10 TAB,20,0,848.6,
,,,,,
ANANDMAYI MEDICAL STORES 0032 RAJKOT,BIOMET G2 10 T,40,0,925.6,
,,,,,
ANANDMAYI MEDICAL STORES 0032 RAJKOT,BIOMET G2 P 10 TAB,20,0,928.4,
,,,,,
ANANDMAYI MEDICAL STORES 0032 RAJKOT,BIOMET PG 10 T,20,0,848.6,
,,,,,
ANANDMAYI MEDICAL STORES 0032 RAJKOT,BIOTENLY-M 10 T,20,0,1671.4,
,,,,,
Sub Total,-,0,0,5646.8,
,,,,,
ANJANI MEDICAL STORE KOTHRIA RAJKOT,ROZTOR A 10 C.,6,0,324,
,,,,,
ANJANI MEDICAL STORE KOTHRIA RAJKOT,R-ZOLE DSR 10 CAP,6,0,339.42,
,,,,,
Sub Total,-,0,0,663.42,
,,,,,
ANMOL MEDICAL STORE PANCHASHIYA,BIO-ANXIT 10 T,3,0,173.58,
,,,,,
Sub Total,-,0,0,173.58,
,,,,,
APPLE MEDICAL STORE 1296 RAJKOT,GTT KIT 75 GM,1,0,36.61,
,,,,,
APPLE MEDICAL STORE 1296 RAJKOT,TELEXA-AM 10 TAB,12,0,678.84,
,,,,,
Sub Total,-,0,0,715.45,
,,,,,
ASHIRVAD MEDICAL STORES MAVDI RAJKOT,BIO-ANXIT 10 T,40,4,2314.4,
,,,,,
ASHIRVAD MEDICAL STORES MAVDI RAJKOT,BIOTENLY-M 10 T,10,1,835.7,
,,,,,
Sub Total,-,0,0,3150.1,
,,,,,
ASHUTOSH MEDICINES GYTRINGR709 RAJKOT,GTT KIT 75 GM,10,1,366.1,
,,,,,
Sub Total,-,0,0,366.1,
,,,,,
AUM MEDICAL STORE SHAPER SHAPER,TELEXA 40 10 TAB,3,0,127.29,
,,,,,
Sub Total,-,0,0,127.29,
,,,,,
AUSHADHA MEDICINES RAJKOT,BIO-ANXIT 10 T,13,0,752.18,
,,,,,
AUSHADHA MEDICINES RAJKOT,BIOTENLY-M 10 T,5,0,417.85,
,,,,,
AUSHADHA MEDICINES RAJKOT,BIOXIGA M 10 T.,18,0,1851.48,
,,,,,
AUSHADHA MEDICINES RAJKOT,DIEXOMET G1 10 T,3,0,137.13,
,,,,,
AUSHADHA MEDICINES RAJKOT,E-TEGO 10 T,4,0,341.68,
,,,,,
AUSHADHA MEDICINES RAJKOT,ROZTOR 10 10 T,10,0,514.3,
,,,,,
AUSHADHA MEDICINES RAJKOT,R-ZOLE D 10 T,3,0,142.08,
,,,,,
AUSHADHA MEDICINES RAJKOT,R-ZOLE DSR 10 CAP,13,0,735.41,
,,,,,
AUSHADHA MEDICINES RAJKOT,TELEXA 40 10 TAB,6,0,254.58,
,,,,,
AUSHADHA MEDICINES RAJKOT,TELEXA-AM 10 TAB,4,0,226.28,
,,,,,
AUSHADHA MEDICINES RAJKOT,TELEXA-CM 50 10 T.,15,0,1389.6,
,,,,,
AUSHADHA MEDICINES RAJKOT,VOLENT-P 10 TAB,3,0,115.71,
,,,,,
Sub Total,-,0,0,6878.28,
,,,,,
AVKAR MEDICAL STORES RAJKOT,BIO-AZAPIN 10 T,1,0,75.43,
,,,,,
AVKAR MEDICAL STORES RAJKOT,BIOMET G2 10 T,6,0,138.84,
,,,,,
AVKAR MEDICAL STORES RAJKOT,BIOMET G2 P 10 TAB,3,0,139.26,
,,,,,
AVKAR MEDICAL STORES RAJKOT,DIEXOMET GV 2.2 10 T.,6,0,424.26,
,,,,,
AVKAR MEDICAL STORES RAJKOT,TELEXA-AM 10 TAB,4,0,226.28,
,,,,,
Sub Total,-,0,0,1004.07,
,,,,,
BABULAL VISHWANATH BHATT JASDAN,BIO-ANXIT 10 T,3,0,173.58,
,,,,,
BABULAL VISHWANATH BHATT JASDAN,BIO-ANXIT NT 10 T,3,0,192.87,
,,,,,
BABULAL VISHWANATH BHATT JASDAN,BIOPRE-NT 10 T,1,0,90,
,,,,,
BABULAL VISHWANATH BHATT JASDAN,CDH FORTE 10 T.,1,0,83.57,
,,,,,
BABULAL VISHWANATH BHATT JASDAN,TELEXA 40 10 TAB,3,0,127.29,
,,,,,
BABULAL VISHWANATH BHATT JASDAN,TELEXA-AM 10 TAB,2,0,113.14,
,,,,,
Sub Total,-,0,0,780.45,
,,,,,
BAJARANG DRUG HOUSE MRV RD.47 RAJKOT,BIOMET G2 FORTE 10 T,6,0,212.16,
,,,,,
BAJARANG DRUG HOUSE MRV RD.47 RAJKOT,BSOX GEL 100 ML,1,0,77.14,
,,,,,
BAJARANG DRUG HOUSE MRV RD.47 RAJKOT,STELLA 60K 4 TAB,1,0,70.71,
,,,,,
BAJARANG DRUG HOUSE MRV RD.47 RAJKOT,TELEXA-AM 10 TAB,5,0,282.85,
,,,,,
Sub Total,-,0,0,642.86,
,,,,,
BAJARANG MEDICAL STORE(436) RAJKOT,BIOMET G2 P 10 TAB,6,0,278.52,
,,,,,
BAJARANG MEDICAL STORE(436) RAJKOT,TELEXA-AM 10 TAB,5,0,282.85,
,,,,,
Sub Total,-,0,0,561.37,
,,,,,
BALAJI MEDICINE (MAVDI) 1154 RAJKOT,XEOZIA RD 10 C,1,0,90,
,,,,,
Sub Total,-,0,0,90,
,,,,,
BALAJI MEDICINE 1154 RAJKOT,BIO-ANXIT 10 T,1,0,57.86,
,,,,,
Sub Total,-,0,0,57.86,
,,,,,
BALAJI MEDICINES MORBI RD. RAJKOT,TELEXA H 40 10 TAB,3,0,148.5,
,,,,,
Sub Total,-,0,0,148.5,
,,,,,
BALAJI PHARMACY HARIDHAVA RAJKOT,BIO-ANXIT 10 T,2,0,115.72,
,,,,,
Sub Total,-,0,0,115.72,
,,,,,
BHAGVATI MEDICINE SV RD. 1208 RAJKOT,TELEXA H 40 10 TAB,3,0,148.5,
,,,,,
Sub Total,-,0,0,148.5,
,,,,,
BHAKTI DRUG HOUSE RAJKOT,BIO-ANXIT 10 T,1,0,57.86,
,,,,,
BHAKTI DRUG HOUSE RAJKOT,BIOMET G2 10 T,6,0,138.84,
,,,,,
BHAKTI DRUG HOUSE RAJKOT,TELEXA-AM 10 TAB,7,0,395.99,
,,,,,
Sub Total,-,0,0,592.69,
,,,,,
BHAKTI MEDI.& COSME. 413 RAJKOT,BIO-ANXIT 10 T,6,0,347.16,
,,,,,
BHAKTI MEDI.& COSME. 413 RAJKOT,BSOX GEL 100 ML,2,0,154.28,
,,,,,
BHAKTI MEDI.& COSME. 413 RAJKOT,GTT KIT 75 GM,3,0,109.83,
,,,,,
BHAKTI MEDI.& COSME. 413 RAJKOT,ROZTOR 5 10 T,10,0,321.4,
,,,,,
BHAKTI MEDI.& COSME. 413 RAJKOT,R-ZOLE DSR 10 CAP,6,0,339.42,
,,,,,
BHAKTI MEDI.& COSME. 413 RAJKOT,TELEXA 40 10 TAB,25,0,1060.75,
,,,,,
BHAKTI MEDI.& COSME. 413 RAJKOT,TELEXA H 40 10 TAB,13,0,643.5,
,,,,,
BHAKTI MEDI.& COSME. 413 RAJKOT,TELEXA-AM 10 TAB,3,0,169.71,
,,,,,
BHAKTI MEDI.& COSME. 413 RAJKOT,TELEXA-M 50 10 T,2,0,113.14,
,,,,,
Sub Total,-,0,0,3259.19,
,,,,,
BHAKTI MEDICAL & GEN. ST0052 RAJKOT,BIOMET G1 10 TAB,6,0,127.26,
,,,,,
BHAKTI MEDICAL & GEN. ST0052 RAJKOT,BIOTENLY-20 10 T,3,0,173.58,
,,,,,
BHAKTI MEDICAL & GEN. ST0052 RAJKOT,BIOXIGA  10 TAB,6,0,617.13,
,,,,,
Sub Total,-,0,0,917.97,
,,,,,
BHAVANI MEDICAL STORE RAJKOT,BIOMET G2 P 10 TAB,2,0,92.84,
,,,,,
Sub Total,-,0,0,92.84,
,,,,,
BHAVESH MEDICAL STORES RAJKOT,BIO-ANXIT 10 T,10,0,578.6,
,,,,,
BHAVESH MEDICAL STORES RAJKOT,BIO-ANXIT NT 10 T,4,0,257.16,
,,,,,
Sub Total,-,0,0,835.76,
,,,,,
BHUMI CHEMISTS RAJKOT,E-TEGO 10 T,5,0,427.1,
,,,,,
Sub Total,-,0,0,427.1,
,,,,,
C.A.CHEMIST VERAVAL (SHAPAR,R-ZOLE DSR 10 CAP,3,0,169.71,
,,,,,
Sub Total,-,0,0,169.71,
,,,,,
CA MEDICAL STORE METODA,BSOX GEL 100 ML,2,0,154.28,
,,,,,
Sub Total,-,0,0,154.28,
,,,,,
CHETNA MEDICAL STORE RAJKOT,BIOXIGA S 50 10 T.,3,0,362.13,
,,,,,
CHETNA MEDICAL STORE RAJKOT,STELLA 60K 4 TAB,2,0,141.42,
,,,,,
Sub Total,-,0,0,503.55,
,,,,,
CHIRAG MEDICAL STORE(1005) RAJKOT,BIO-ANXIT 10 T,3,0,173.58,
,,,,,
CHIRAG MEDICAL STORE(1005) RAJKOT,BIOMET PG 10 T,4,0,169.72,
,,,,,
Sub Total,-,0,0,343.3,
,,,,,
DEVASYA PHARMA 1118 RAJKOT,BIOMET G2 10 T,4,0,92.56,
,,,,,
DEVASYA PHARMA 1118 RAJKOT,BIOTENLY-20 10 T,3,0,173.58,
,,,,,
Sub Total,-,0,0,266.14,
,,,,,
DEV-PUSHP MED STORE SANGANVA RAJKOT,BIOMET G2 P 10 TAB,3,0,139.26,
,,,,,
DEV-PUSHP MED STORE SANGANVA RAJKOT,BIOXIGA M 10 T.,3,0,308.58,
,,,,,
Sub Total,-,0,0,447.84,
,,,,,
DEV-PUSHP MEDICAL STORE (0069). RAJKOT,LOSWT 200 G. CHOCO 200 G.,1,0,292.88,
,,,,,
Sub Total,-,0,0,292.88,
,,,,,
DHARATI MEDICAL AGENCY RAJKOT,STELLA 60K 4 TAB,1,0,70.71,
,,,,,
Sub Total,-,0,0,70.71,
,,,,,
DHARMI MEDICAL STORE 150FT 967 RAJKOT,BIO-ANXIT 10 T,2,0,115.72,
,,,,,
Sub Total,-,0,0,115.72,
,,,,,
DHARMIK MEDICAL STORE BAJRANG RAJKOT,BIO-ANXIT 10 T,3,0,173.58,
,,,,,
DHARMIK MEDICAL STORE BAJRANG RAJKOT,BIOMET G2 10 T,5,0,115.7,
,,,,,
Sub Total,-,0,0,289.28,
,,,,,
DHYEY MEDICAL STORE 073 RAJKOT,TELEXA-AM 10 TAB,3,0,169.71,
,,,,,
Sub Total,-,0,0,169.71,
,,,,,
DISHA MEDICAL STORE JUNCTION RAJKOT,CDH FORTE 10 T.,3,0,250.71,
,,,,,
Sub Total,-,0,0,250.71,
,,,,,
DR.H.V.JAGANI RAJKOT,TELEXA 40 10 TAB,3,0,127.29,
,,,,,
Sub Total,-,0,0,127.29,
,,,,,
DR.SHAMA S. MAMTI RAJKOT,E-TEGO 10 T,10,0,854.2,
,,,,,
Sub Total,-,0,0,854.2,
,,,,,
DR.YASIN L GADHIYA WANKANER,BIOMET G2 10 T,30,0,694.2,
,,,,,
Sub Total,-,0,0,694.2,
,,,,,
EARTH PHARMA RAIYA ROAD RAJKOT,BIOMET G1 P  10 TAB,2,0,84.86,
,,,,,
Sub Total,-,0,0,84.86,
,,,,,
EKATA MEDICINES RAJKOT,E-TEGO 10 T,10,0,854.2,
,,,,,
Sub Total,-,0,0,854.2,
,,,,,
EVA MEDICINES  RAJKOT,STELLA 60K 4 TAB,10,3,707.1,
,,,,,
Sub Total,-,0,0,707.1,
,,,,,
GAJANAN MEDICINES (NANA MAVA) RAJKOT,TELEXA 40 10 TAB,3,0,127.29,
,,,,,
Sub Total,-,0,0,127.29,
,,,,,
GANESH MEDICAL STORES 374 RAJKOT,BIOTENLY M FORTE 10 T,1,0,90,
,,,,,
Sub Total,-,0,0,90,
,,,,,
GANESH MEDICINE 1343 RAJKOT,BIO-ANXIT CZ 0.25 10 T,23,0,1301.11,
,,,,,
GANESH MEDICINE 1343 RAJKOT,BIO-ANXIT CZ 0.50 10 T,16,0,925.66,
,,,,,
GANESH MEDICINE 1343 RAJKOT,BIOXIGA MS 100 10 T,3,0,424.29,
,,,,,
GANESH MEDICINE 1343 RAJKOT,ROZTOR 5 10 T,5,0,160.7,
,,,,,
Sub Total,-,0,0,2811.76,
,,,,,
GAURAV MEDICINES RAJKOT,BIO-ANXIT 10 T,1,0,57.86,
,,,,,
GAURAV MEDICINES RAJKOT,R-ZOLE D 10 T,3,0,142.08,
,,,,,
Sub Total,-,0,0,199.94,
,,,,,
GAYATRI CHEMIST BUS STAND RAJKOT,BIO-ANXIT 10 T,2,0,115.72,
,,,,,
Sub Total,-,0,0,115.72,
,,,,,
GAYATRI MEDICAL CENTRE RAJKOT,BIOMET G1 P  10 TAB,6,0,254.52,
,,,,,
GAYATRI MEDICAL CENTRE RAJKOT,BIOTENLY-M 10 T,11,0,919.27,
,,,,,
GAYATRI MEDICAL CENTRE RAJKOT,BSOX GEL 100 ML,5,0,385.7,
,,,,,
GAYATRI MEDICAL CENTRE RAJKOT,CDH FORTE 10 T.,10,0,835.7,
,,,,,
GAYATRI MEDICAL CENTRE RAJKOT,ROZTOR 10 10 T,7,0,360.01,
,,,,,
GAYATRI MEDICAL CENTRE RAJKOT,ROZTOR A 10 C.,3,0,162,
,,,,,
GAYATRI MEDICAL CENTRE RAJKOT,TELEXA 40 10 TAB,10,0,424.3,
,,,,,
Sub Total,-,0,0,3341.5,
,,,,,
GAYATRI MEDICAL STORE 150FT RAJKOT,VOLENT GEL 30 GM,1,0,51.43,
,,,,,
Sub Total,-,0,0,51.43,
,,,,,
GAYATRI MEDICAL STORES KSV RAJKOT,DIEXOMET GV 2.3 10 T.,6,0,462.84,
,,,,,
Sub Total,-,0,0,462.84,
,,,,,
GAYATRI MEDICINES B/H ST.(872) RAJKOT,BIO-ANXIT 10 T,60,0,3471.6,
,,,,,
Sub Total,-,0,0,3471.6,
,,,,,
GAYATRI MEDICO NANA MAUVA RAJKOT,R-ZOLE 20 10 TAB,3,0,135,
,,,,,
Sub Total,-,0,0,135,
,,,,,
GAYATRI SURGICALS RAJKOT,BIOMET G2 10 T,3,0,69.42,
,,,,,
GAYATRI SURGICALS RAJKOT,BIOTENLY-M 10 T,3,0,250.71,
,,,,,
Sub Total,-,0,0,320.13,
,,,,,
GHANSHYAM CHEMIST 0368 RAJKOT,ACCUTHYRO 25 120 TAB,5,1,617.85,
,,,,,
GHANSHYAM CHEMIST 0368 RAJKOT,GTT KIT 75 GM,20,4,732.2,
,,,,,
Sub Total,-,0,0,1350.05,
,,,,,
GHANSHYAM DRUG HOUSE JETPUR,BIOMET G2 P 10 TAB,10,0,464.2,
,,,,,
GHANSHYAM DRUG HOUSE JETPUR,ETIWELL 0.25 10 TAB,1,0,21.21,
,,,,,
GHANSHYAM DRUG HOUSE JETPUR,ETIWELL 0.5 10 T.,4,0,113.16,
,,,,,
GHANSHYAM DRUG HOUSE JETPUR,LOSWT 200 G. CHOCO 200 G.,1,0,292.88,
,,,,,
Sub Total,-,0,0,891.45,
,,,,,
GIRIRAJ MEDICAL STORES RAJKOT,R-ZOLE 20 10 TAB,4,0,180,
,,,,,
Sub Total,-,0,0,180,
,,,,,
GIRIRAJ PHARMA RAJKOT,BSOX GEL 100 ML,4,0,308.56,
,,,,,
Sub Total,-,0,0,308.56,
,,,,,
GOPLANI  MEDICINES RAJKOT,BIO-AZAPIN 10 T,4,0,301.72,
,,,,,
Sub Total,-,0,0,301.72,
,,,,,
GOVARDHAN PHARMA  RAJKOT,BIOTENLY-M 10 T,6,0,501.42,
,,,,,
Sub Total,-,0,0,501.42,
,,,,,
GUJRAT MEDICAL STORE RAJKOT,BIOMET G1 10 TAB,10,0,212.1,
,,,,,
Sub Total,-,0,0,212.1,
,,,,,
HARIKRISHNA MEDICAL MAVDI 1057 RAJKOT,DIEXOMET GV 2.2 10 T.,3,0,212.13,
,,,,,
Sub Total,-,0,0,212.13,
,,,,,
HARIOM MEDICAL STORE RAJKOT,BIO-ANXIT NT 10 T,2,0,128.58,
,,,,,
HARIOM MEDICAL STORE RAJKOT,ETIWELL 0.5 10 T.,4,0,113.16,
,,,,,
Sub Total,-,0,0,241.74,
,,,,,
HEALTHY PHARMACY MAVDI RAJKOT,BSOX GEL 100 ML,2,0,154.28,
,,,,,
Sub Total,-,0,0,154.28,
,,,,,
HOPE MEDICAL AGENCY RAJKOT,TELEXA 40 10 TAB,6,0,254.58,
,,,,,
Sub Total,-,0,0,254.58,
,,,,,
INDIAN MEDICINES RAJKOT,BIO-ANXIT 10 T,6,0,347.16,
,,,,,
Sub Total,-,0,0,347.16,
,,,,,
JAI BAJRANG MEDICAL STORES (JUNC) RAJKOT,BIO-ANXIT 10 T,2,0,115.72,
,,,,,
JAI BAJRANG MEDICAL STORES (JUNC) RAJKOT,GTT KIT 75 GM,2,0,73.22,
,,,,,
Sub Total,-,0,0,188.94,
,,,,,
JAINAM ENTERPRISE RAJKOT,BIOTENLY-M 10 T,9,0,752.13,
,,,,,
Sub Total,-,0,0,752.13,
,,,,,
JALARAM MEDICAL STORES C.W. RAJKOT,BIOMET G1 10 TAB,5,0,106.05,
,,,,,
JALARAM MEDICAL STORES C.W. RAJKOT,BIOMET G2 P 10 TAB,5,0,232.1,
,,,,,
JALARAM MEDICAL STORES C.W. RAJKOT,TELEXA H 40 10 TAB,5,0,247.5,
,,,,,
JALARAM MEDICAL STORES C.W. RAJKOT,TELEXA-80 H 10 T,3,0,231.42,
,,,,,
Sub Total,-,0,0,817.07,
,,,,,
JAY JALARAM MEDICAL STORE AMIN RAJKOT,BIOTENLY-M 10 T,3,0,250.71,
,,,,,
Sub Total,-,0,0,250.71,
,,,,,
JAY JALARAM MEDICAL STORES (KUVADVA) KUVADAVA,BIOPRE-NT 10 T,2,0,180,
,,,,,
JAY JALARAM MEDICAL STORES (KUVADVA) KUVADAVA,BIOTENLY-M 10 T,1,0,83.57,
,,,,,
JAY JALARAM MEDICAL STORES (KUVADVA) KUVADAVA,E-TEGO 10 T,2,0,170.84,
,,,,,
JAY JALARAM MEDICAL STORES (KUVADVA) KUVADAVA,TELEXA-AM 10 TAB,4,0,226.28,
,,,,,
Sub Total,-,0,0,660.69,
,,,,,
JAYNATH CHEMIST RAJKOT,ACCUTHYRO 50 120 TAB,1,0,87.86,
,,,,,
Sub Total,-,0,0,87.86,
,,,,,
JEET PHARMACY RAJKOT,BIOMET PG 10 T,3,0,127.29,
,,,,,
JEET PHARMACY RAJKOT,BIOTENLY-M 10 T,3,0,250.71,
,,,,,
JEET PHARMACY RAJKOT,BIOXIGA M 10 T.,3,0,308.58,
,,,,,
JEET PHARMACY RAJKOT,TELEXA H 40 10 TAB,3,0,148.5,
,,,,,
Sub Total,-,0,0,835.08,
,,,,,
JITESH MEDICAL STORES RAJKOT,BIO-ANXIT 10 T,10,0,578.6,
,,,,,
JITESH MEDICAL STORES RAJKOT,BIOMET G1 10 TAB,10,0,212.1,
,,,,,
JITESH MEDICAL STORES RAJKOT,BIOMET G2 10 T,10,0,231.4,
,,,,,
JITESH MEDICAL STORES RAJKOT,BIOTENLY-20 10 T,6,0,347.16,
,,,,,
JITESH MEDICAL STORES RAJKOT,BIOTENLY-M 10 T,5,0,417.85,
,,,,,
JITESH MEDICAL STORES RAJKOT,BIOXIGA M 10 T.,3,0,308.58,
,,,,,
JITESH MEDICAL STORES RAJKOT,DIEXOMET G2 10 T,5,0,265.7,
,,,,,
JITESH MEDICAL STORES RAJKOT,ETIWELL 0.25 10 TAB,10,0,212.1,
,,,,,
JITESH MEDICAL STORES RAJKOT,R-ZOLE 20 10 TAB,6,0,270,
,,,,,
JITESH MEDICAL STORES RAJKOT,,6,0,284.16,
,,,,,
JITESH MEDICAL STORES RAJKOT,R-ZOLE DSR 10 CAP,10,0,565.7,
,,,,,
JITESH MEDICAL STORES RAJKOT,STELLA 60K 4 TAB,2,0,141.42,
,,,,,
JITESH MEDICAL STORES RAJKOT,TELEXA 40 10 TAB,30,0,1272.9,
,,,,,
JITESH MEDICAL STORES RAJKOT,TELEXA H 40 10 TAB,20,0,990,
,,,,,
JITESH MEDICAL STORES RAJKOT,TELEXA-AM 10 TAB,20,0,1131.4,
,,,,,
JITESH MEDICAL STORES RAJKOT,TELEXA-M 50 10 T,6,0,339.42,
,,,,,
Sub Total,-,0,0,7568.49,
,,,,,
KASHTBHANJAN MEDICAL STORE RAJKOT,BIOMET G2 10 T,4,0,92.56,
,,,,,
KASHTBHANJAN MEDICAL STORE RAJKOT,BIOXIGA MS 100 10 T,2,0,282.86,
,,,,,
KASHTBHANJAN MEDICAL STORE RAJKOT,R-ZOLE DSR 10 CAP,3,0,169.71,
,,,,,
KASHTBHANJAN MEDICAL STORE RAJKOT,TELEXA 40 10 TAB,3,0,127.29,
,,,,,
Sub Total,-,0,0,672.42,
,,,,,
KESAR MEDICINES 412 RAJKOT,LOSWT 200 G. CHOCO 200 G.,1,0,292.88,
,,,,,
Sub Total,-,0,0,292.88,
,,,,,
KESHAV MEDICINES KOTHARIYA RD 1101 RAJKOT,BIO-ANXIT NT 10 T,3,0,192.87,
,,,,,
KESHAV MEDICINES KOTHARIYA RD 1101 RAJKOT,TELEXA-AM 10 TAB,3,0,169.71,
,,,,,
Sub Total,-,0,0,362.58,
,,,,,
KHAREDI MEDICAL STORES KHAREDI,BIOMET G2 10 T,12,0,277.68,
,,,,,
KHAREDI MEDICAL STORES KHAREDI,BIOMET G2 P 10 TAB,6,0,278.52,
,,,,,
Sub Total,-,0,0,556.2,
,,,,,
KHODAL MEDICAL (KALAWAD RD) RAJKOT,BIO-ANXIT 10 T,10,0,578.6,
,,,,,
Sub Total,-,0,0,578.6,
,,,,,
KHODIYAR MEDICAL STORE (MAVDI)117 RAJKOT,BIO-ANXIT 10 T,3,0,173.58,
,,,,,
Sub Total,-,0,0,173.58,
,,,,,
KIAAN MEDICAL STORE RAJKOT,BIOMMF  10 T,4,2,1481.16,
,,,,,
KIAAN MEDICAL STORE RAJKOT,TELEXA 40 10 TAB,20,0,848.6,
,,,,,
KIAAN MEDICAL STORE RAJKOT,TELEXA-AM 10 TAB,10,0,565.7,
,,,,,
Sub Total,-,0,0,2895.46,
,,,,,
KRISHNA MEDICAL STORE KUVADVA  RAJKOT,BIO-ANXIT 10 T,3,0,173.58,
,,,,,
Sub Total,-,0,0,173.58,
,,,,,
KRISHNA MEDICAL STORE SHAPAR VERAVAL SHAPAR,BIO-ANXIT 10 T,1,0,57.86,
,,,,,
KRISHNA MEDICAL STORE SHAPAR VERAVAL SHAPAR,BIO-ANXIT NT 10 T,2,0,128.58,
,,,,,
KRISHNA MEDICAL STORE SHAPAR VERAVAL SHAPAR,BIOMET G1 10 TAB,3,0,63.63,
,,,,,
Sub Total,-,0,0,250.07,
,,,,,
KUNDAN MEDICAL STORE RAJKOT,GTT KIT 75 GM,3,0,109.83,
,,,,,
Sub Total,-,0,0,109.83,
,,,,,
LAXMI MEDICAL NANA MAVA 132 RAJKOT,BIOMET G1 P  10 TAB,3,0,127.26,
,,,,,
LAXMI MEDICAL NANA MAVA 132 RAJKOT,BIOTENLY-M 10 T,3,0,250.71,
,,,,,
Sub Total,-,0,0,377.97,
,,,,,
LIFECARE PHARMACY RAJKOT,BIOMET G1 10 TAB,3,0,63.63,
,,,,,
LIFECARE PHARMACY RAJKOT,BIOXIGA  10 TAB,6,0,617.13,
,,,,,
LIFECARE PHARMACY RAJKOT,ETIWELL 0.5 10 T.,5,0,141.45,
,,,,,
LIFECARE PHARMACY RAJKOT,R-ZOLE D 10 T,1,0,47.36,
,,,,,
LIFECARE PHARMACY RAJKOT,TELEXA 40 10 TAB,6,0,254.58,
,,,,,
LIFECARE PHARMACY RAJKOT,TELEXA H 40 10 TAB,2,0,99,
,,,,,
LIFECARE PHARMACY RAJKOT,TELEXA-AM 10 TAB,9,0,509.13,
,,,,,
Sub Total,-,0,0,1732.28,
,,,,,
M.D.C.DIASHOPPE RAJKOT,BIO-ANXIT 10 T,20,0,1157.2,
,,,,,
M.D.C.DIASHOPPE RAJKOT,BIOMET PG 10 T,30,0,1272.9,
,,,,,
M.D.C.DIASHOPPE RAJKOT,TELEXA-AM 10 TAB,10,0,565.7,
,,,,,
Sub Total,-,0,0,2995.8,
,,,,,
MAA ASHAPURA MEDICINES RAJKOT,BIOMET G2 P 10 TAB,6,0,278.52,
,,,,,
MAA ASHAPURA MEDICINES RAJKOT,R-ZOLE D 10 T,5,0,236.8,
,,,,,
MAA ASHAPURA MEDICINES RAJKOT,R-ZOLE DSR 10 CAP,3,0,169.71,
,,,,,
MAA ASHAPURA MEDICINES RAJKOT,STELLA 60K 4 TAB,3,0,212.13,
,,,,,
MAA ASHAPURA MEDICINES RAJKOT,TELEXA-AM 10 TAB,3,0,169.71,
,,,,,
Sub Total,-,0,0,1066.87,
,,,,,
MADHAV DRUG RAJKOT,ACCUTHYRO 100 120 TAB,2,0,225.72,
,,,,,
MADHAV DRUG RAJKOT,ACCUTHYRO 12.5 120 TAB,4,0,565.72,
,,,,,
Sub Total,-,0,0,791.44,
,,,,,
MADHAV MEDICINES MRV RD RAJKOT,BIOMET G2 P 10 TAB,3,0,139.26,
,,,,,
MADHAV MEDICINES MRV RD RAJKOT,BSOX GEL 100 ML,2,0,154.28,
,,,,,
MADHAV MEDICINES MRV RD RAJKOT,R-ZOLE-L 10 CAP,1,0,102.86,
,,,,,
MADHAV MEDICINES MRV RD RAJKOT,TELEXA 40 10 TAB,7,0,297.01,
,,,,,
Sub Total,-,0,0,693.41,
,,,,,
MADHAV MEDICINES NANA MAUVA RAJKOT,BIOTENLY-M 10 T,2,0,167.14,
,,,,,
MADHAV MEDICINES NANA MAUVA RAJKOT,ROZTOR 5 10 T,3,0,96.42,
,,,,,
MADHAV MEDICINES NANA MAUVA RAJKOT,TELEXA 40 10 TAB,4,0,169.72,
,,,,,
MADHAV MEDICINES NANA MAUVA RAJKOT,TELEXA-AM 10 TAB,4,0,226.28,
,,,,,
Sub Total,-,0,0,659.56,
,,,,,
MADHAV MEDICINES SV RD 138 RAJKOT,BIO-ANXIT 10 T,6,0,347.16,
,,,,,
Sub Total,-,0,0,347.16,
,,,,,
MADHURAM MEDICAL STORE 360 RAJKOT,GTT KIT 75 GM,1,0,36.61,
,,,,,
Sub Total,-,0,0,36.61,
,,,,,
MADHURAM MEDICINES GANDHIGRAM RAJKOT,BIOMET G1 P  10 TAB,3,0,127.26,
,,,,,
Sub Total,-,0,0,127.26,
,,,,,
MADHURAM PHARMACY RAJKOT,VOLENT SPAS 10 T.,10,0,707.1,
,,,,,
Sub Total,-,0,0,707.1,
,,,,,
MAHER MEDICINES RAIYA ROAD RAJKOT,GTT KIT 75 GM,8,0,292.88,
,,,,,
Sub Total,-,0,0,292.88,
,,,,,
MAHESHWAR MEDICINES RAJKOT,GTT KIT 75 GM,4,0,146.44,
,,,,,
Sub Total,-,0,0,146.44,
,,,,,
MAMTA CHILDREN HOSPITAL RAJKOT,TELEXA-CM 25 10 T.,3,0,250.71,
,,,,,
Sub Total,-,0,0,250.71,
,,,,,
MANGLAM DRUG HOUSE RAJKOT,STELLA 60K 4 TAB,30,0,2121.3,
,,,,,
Sub Total,-,0,0,2121.3,
,,,,,
MANSI MEDICINES MRV RD RAJKOT,TELEXA-AM 10 TAB,5,0,282.85,
,,,,,
Sub Total,-,0,0,282.85,
,,,,,
MARUTI MEDICAL (AMBIKA TOWNSHIP) RAJKOT,TELEXA-AM 10 TAB,1,0,56.57,
,,,,,
Sub Total,-,0,0,56.57,
,,,,,
MARUTI MEDICAL SHOP BEDIPARA RAJKOT,R-ZOLE DSR 10 CAP,2,0,113.14,
,,,,,
Sub Total,-,0,0,113.14,
,,,,,
MARUTI MEDICAL STORE (MOTHERCARE) RAJKOT,GTT KIT 75 GM,10,0,366.1,
,,,,,
Sub Total,-,0,0,366.1,
,,,,,
MARUTI MEDICAL STORE KOTHARIA RAJKOT,ACCUTHYRO 25 120 TAB,1,0,123.57,
,,,,,
MARUTI MEDICAL STORE KOTHARIA RAJKOT,ACCUTHYRO 50 120 TAB,1,0,87.86,
,,,,,
Sub Total,-,0,0,211.43,
,,,,,
MARUTI MEDICINES MRB RD 605 RAJKOT,BIOTENLY-M 10 T,3,0,250.71,
,,,,,
MARUTI MEDICINES MRB RD 605 RAJKOT,TELEXA H 40 10 TAB,11,0,544.5,
,,,,,
Sub Total,-,0,0,795.21,
,,,,,
MARUTI MEDICINES NANAVATI487 RAJKOT,BIO-ANXIT 10 T,3,0,173.58,
,,,,,
MARUTI MEDICINES NANAVATI487 RAJKOT,BIO-AZAPIN 10 T,8,0,603.44,
,,,,,
MARUTI MEDICINES NANAVATI487 RAJKOT,BIOMET G1 10 TAB,6,0,127.26,
,,,,,
MARUTI MEDICINES NANAVATI487 RAJKOT,BIOMET G2 10 T,5,0,115.7,
,,,,,
Sub Total,-,0,0,1019.98,
,,,,,
MARUTI MEDICINES OM NAGAR RAJKOT,TELEXA 40 10 TAB,5,0,212.15,
,,,,,
Sub Total,-,0,0,212.15,
,,,,,
MARUTINANDAN MEDICAL STORE 152 RAJKOT,R-ZOLE DSR 10 CAP,2,0,113.14,
,,,,,
MARUTINANDAN MEDICAL STORE 152 RAJKOT,TELEXA-AM 10 TAB,6,0,339.42,
,,,,,
Sub Total,-,0,0,452.56,
,,,,,
MARUTINANDAN PHARMACY 1210 RAJKOT,BIO-ANXIT 10 T,7,0,405.02,
,,,,,
MARUTINANDAN PHARMACY 1210 RAJKOT,BIOMET G1 10 TAB,7,0,148.47,
,,,,,
MARUTINANDAN PHARMACY 1210 RAJKOT,BIOMET G2 10 T,12,0,277.68,
,,,,,
MARUTINANDAN PHARMACY 1210 RAJKOT,BIOPRE-NT 10 T,5,0,450,
,,,,,
MARUTINANDAN PHARMACY 1210 RAJKOT,BIOTENLY-M 10 T,3,0,250.71,
,,,,,
MARUTINANDAN PHARMACY 1210 RAJKOT,BIOXIGA M 10 T.,3,0,308.58,
,,,,,
MARUTINANDAN PHARMACY 1210 RAJKOT,E-TEGO 10 T,2,0,170.84,
,,,,,
MARUTINANDAN PHARMACY 1210 RAJKOT,ETIWELL 0.5 10 T.,3,0,84.87,
,,,,,
MARUTINANDAN PHARMACY 1210 RAJKOT,L-URIDE 10 T,2,0,84.86,
,,,,,
MARUTINANDAN PHARMACY 1210 RAJKOT,ROZTOR 10 10 T,1,0,51.43,
,,,,,
MARUTINANDAN PHARMACY 1210 RAJKOT,R-ZOLE DSR 10 CAP,1,0,56.57,
,,,,,
MARUTINANDAN PHARMACY 1210 RAJKOT,TELEXA 40 10 TAB,18,0,763.74,
,,,,,
MARUTINANDAN PHARMACY 1210 RAJKOT,TELEXA H 40 10 TAB,4,0,198,
,,,,,
MARUTINANDAN PHARMACY 1210 RAJKOT,TELEXA-AM 10 TAB,7,0,395.99,
,,,,,
Sub Total,-,0,0,3646.76,
,,,,,
MEDIZONE MEDICALS (RAIYA) RAJKOT,BIOMET G2 10 T,3,0,69.42,
,,,,,
MEDIZONE MEDICALS (RAIYA) RAJKOT,BIOMET G2 P 10 TAB,3,0,139.26,
,,,,,
MEDIZONE MEDICALS (RAIYA) RAJKOT,BIOTENLY-M 10 T,3,0,250.71,
,,,,,
Sub Total,-,0,0,459.39,
,,,,,
MEET MEDICINES RAIYA CAR159 RAJKOT,BIOMET G1 10 TAB,3,0,63.63,
,,,,,
Sub Total,-,0,0,63.63,
,,,,,
METRO MEDICAL STORE & GENERAL RAJKOT,BIOMET G2 FORTE 10 T,5,0,176.8,
,,,,,
METRO MEDICAL STORE & GENERAL RAJKOT,BIOXIGA M 10 T.,1,0,102.86,
,,,,,
METRO MEDICAL STORE & GENERAL RAJKOT,R-ZOLE DSR 10 CAP,3,0,169.71,
,,,,,
METRO MEDICAL STORE & GENERAL RAJKOT,TELEXA 40 10 TAB,3,0,127.29,
,,,,,
Sub Total,-,0,0,576.66,
,,,,,
MORI MEDICINES RAJKOT,ETIWELL 0.5 10 T.,5,0,141.45,
,,,,,
Sub Total,-,0,0,141.45,
,,,,,
MOTIWALA MEDICINES (356) RAJKOT,ACCUTHYRO 100 120 TAB,1,0,112.86,
,,,,,
MOTIWALA MEDICINES (356) RAJKOT,ACCUTHYRO 12.5 120 TAB,1,0,141.43,
,,,,,
MOTIWALA MEDICINES (356) RAJKOT,ACCUTHYRO 25 120 TAB,1,0,123.57,
,,,,,
MOTIWALA MEDICINES (356) RAJKOT,ACCUTHYRO 50 120 TAB,2,0,175.72,
,,,,,
MOTIWALA MEDICINES (356) RAJKOT,ACCUTHYRO 75 120 TAB,1,0,122.14,
,,,,,
MOTIWALA MEDICINES (356) RAJKOT,BIO-ANXIT 10 T,3,0,173.58,
,,,,,
MOTIWALA MEDICINES (356) RAJKOT,BIO-AZAPIN 10 T,3,0,226.29,
,,,,,
MOTIWALA MEDICINES (356) RAJKOT,BIOMET G1 10 TAB,6,0,127.26,
,,,,,
MOTIWALA MEDICINES (356) RAJKOT,BIOMET G2 10 T,4,0,92.56,
,,,,,
MOTIWALA MEDICINES (356) RAJKOT,BIOXIGA  10 TAB,3,0,308.58,
,,,,,
MOTIWALA MEDICINES (356) RAJKOT,BIOXIGA M 10 T.,6,0,617.16,
,,,,,
MOTIWALA MEDICINES (356) RAJKOT,DIEXOMET G1 10 T,6,0,274.2,
,,,,,
MOTIWALA MEDICINES (356) RAJKOT,DIEXOMET G2 10 T,11,0,584.54,
,,,,,
MOTIWALA MEDICINES (356) RAJKOT,GTT KIT 75 GM,1,0,36.61,
,,,,,
MOTIWALA MEDICINES (356) RAJKOT,ROZTOR 10 10 T,3,0,154.29,
,,,,,
MOTIWALA MEDICINES (356) RAJKOT,ROZTOR 5 10 T,3,0,96.42,
,,,,,
MOTIWALA MEDICINES (356) RAJKOT,ROZTOR A 10 C.,3,0,162,
,,,,,
MOTIWALA MEDICINES (356) RAJKOT,R-ZOLE-L 10 CAP,2,0,205.72,
,,,,,
MOTIWALA MEDICINES (356) RAJKOT,STELLA 60K 4 TAB,2,0,141.42,
,,,,,
MOTIWALA MEDICINES (356) RAJKOT,TELEXA 40 10 TAB,3,0,127.29,
,,,,,
MOTIWALA MEDICINES (356) RAJKOT,TELEXA-AM 10 TAB,4,0,226.28,
,,,,,
MOTIWALA MEDICINES (356) RAJKOT,TILCEF 250 10 TAB,1,0,155.57,
,,,,,
MOTIWALA MEDICINES (356) RAJKOT,VOLENT GEL 30 GM,1,0,51.43,
,,,,,
Sub Total,-,0,0,4436.92,
,,,,,
MOTIWALA MEDISHOPPE RAJKOT,BIOMET G1 10 TAB,3,0,63.63,
,,,,,
MOTIWALA MEDISHOPPE RAJKOT,BIOTENLY-M 10 T,6,0,501.42,
,,,,,
MOTIWALA MEDISHOPPE RAJKOT,BIOXIGA M 10 T.,3,0,308.58,
,,,,,
MOTIWALA MEDISHOPPE RAJKOT,E-TEGO 10 T,4,0,341.68,
,,,,,
MOTIWALA MEDISHOPPE RAJKOT,GTT KIT 75 GM,4,0,146.44,
,,,,,
MOTIWALA MEDISHOPPE RAJKOT,R-ZOLE D 10 T,6,0,284.16,
,,,,,
MOTIWALA MEDISHOPPE RAJKOT,R-ZOLE DSR 10 CAP,4,0,226.28,
,,,,,
MOTIWALA MEDISHOPPE RAJKOT,R-ZOLE-L 10 CAP,6,0,617.16,
,,,,,
MOTIWALA MEDISHOPPE RAJKOT,STELLA 60K 4 TAB,5,0,353.55,
,,,,,
MOTIWALA MEDISHOPPE RAJKOT,TELEXA 80 10 TAB,6,0,424.26,
,,,,,
MOTIWALA MEDISHOPPE RAJKOT,TILCEF 250 10 TAB,1,0,155.57,
,,,,,
Sub Total,-,0,0,3422.73,
,,,,,
MURLIDHAR MEDICAL STORES RAJKOT,BIO-ANXIT 10 T,2,0,115.72,
,,,,,
MURLIDHAR MEDICAL STORES RAJKOT,BIOMET G1 P  10 TAB,5,0,212.15,
,,,,,
MURLIDHAR MEDICAL STORES RAJKOT,E-TEGO 10 T,1,0,85.42,
,,,,,
Sub Total,-,0,0,413.29,
,,,,,
MUSKAN MEDICAL KOTHARIYA RAJKOT,BIOMET G1 10 TAB,3,0,63.63,
,,,,,
Sub Total,-,0,0,63.63,
,,,,,
MY MEDICINE PHARMACY RAJKOT,BIOMET PG 10 T,9,0,381.87,
,,,,,
MY MEDICINE PHARMACY RAJKOT,TELEXA-AM 10 TAB,16,0,905.12,
,,,,,
Sub Total,-,0,0,1286.99,
,,,,,
N.M.V.WOCKHARDT HOSPITAL RAJKOT,BIO-ANXIT 10 T,30,3,1735.8,
,,,,,
N.M.V.WOCKHARDT HOSPITAL RAJKOT,STELLA 60K 4 TAB,10,1,707.1,
,,,,,
Sub Total,-,0,0,2442.9,
,,,,,
NEW BAJRANG MEDICINES RAJKOT,BIOPRE-NT 10 T,10,0,900,
,,,,,
NEW BAJRANG MEDICINES RAJKOT,TELEXA-AM 10 TAB,10,0,565.7,
,,,,,
Sub Total,-,0,0,1465.7,
,,,,,
NEW BOMBAY MEDICAL (MAVDI)970 RAJKOT,BIOMET G2 10 T,10,0,231.4,
,,,,,
NEW BOMBAY MEDICAL (MAVDI)970 RAJKOT,BIOTENLY-M 10 T,5,0,417.85,
,,,,,
NEW BOMBAY MEDICAL (MAVDI)970 RAJKOT,ROZTOR A 10 C.,13,0,702,
,,,,,
NEW BOMBAY MEDICAL (MAVDI)970 RAJKOT,VOLENT-P 10 TAB,2,0,77.14,
,,,,,
Sub Total,-,0,0,1428.39,
,,,,,
NEW BOMBAY MEDICINE 1076 RAJKOT,BIOVILDA MSR  10 T,3,0,212.13,
,,,,,
NEW BOMBAY MEDICINE 1076 RAJKOT,BIOXIGA V 10 T,6,0,694.26,
,,,,,
NEW BOMBAY MEDICINE 1076 RAJKOT,TELEXA 40 10 TAB,3,0,127.29,
,,,,,
Sub Total,-,0,0,1033.68,
,,,,,
NEW GANESH MEDIZONE BAJRNGWADI RAJKOT,BIOMET G1 10 TAB,2,0,42.42,
,,,,,
NEW GANESH MEDIZONE BAJRNGWADI RAJKOT,ETIWELL 0.25 10 TAB,1,0,21.21,
,,,,,
NEW GANESH MEDIZONE BAJRNGWADI RAJKOT,ROZTOR 5 10 T,5,0,160.7,
,,,,,
NEW GANESH MEDIZONE BAJRNGWADI RAJKOT,STELLA 60K 4 TAB,1,0,70.71,
,,,,,
Sub Total,-,0,0,295.04,
,,,,,
NIDHI MEDICINES RAJKOT,BIOMET G1 10 TAB,6,0,127.26,
,,,,,
NIDHI MEDICINES RAJKOT,ETIWELL 0.25 10 TAB,10,0,212.1,
,,,,,
NIDHI MEDICINES RAJKOT,GTT KIT 75 GM,4,0,146.44,
,,,,,
Sub Total,-,0,0,485.8,
,,,,,
NILKANTH MEDICINE RELNAGAR RAJKOT,BIOXIGA  10 TAB,4,0,411.44,
,,,,,
Sub Total,-,0,0,411.44,
,,,,,
NOBLE MEDICAL STORE (KUVADVA ROAD) RAJKOT,R-ZOLE D 10 T,2,0,94.72,
,,,,,
Sub Total,-,0,0,94.72,
,,,,,
NOBLE MEDICAL STORE KVD ROAD, RAJKOT,BIOMET G2 10 T,6,0,138.84
,,,,,
Sub Total,-,0,0,138.84,
,,,,,
OJAS PHARMACY RAJKOT,BIOXIGA M 10 T.,30,3,3085.8,
,,,,,
OJAS PHARMACY RAJKOT,TELEXA H 40 10 TAB,30,3,1485,
,,,,,
Sub Total,-,0,0,4570.8,
,,,,,
OM MEDICAL STORE ANAND NAGAR RAJKOT,R-ZOLE 20 10 TAB,3,0,135,
,,,,,
Sub Total,-,0,0,135,
,,,,,
OM PHARMACY MAVDI 901 RAJKOT,BIOMET G2 P 10 TAB,4,0,185.68,
,,,,,
OM PHARMACY MAVDI 901 RAJKOT,ROZTOR 10 10 T,3,0,154.29,
,,,,,
OM PHARMACY MAVDI 901 RAJKOT,VOLENT GEL 30 GM,1,0,51.43,
,,,,,
Sub Total,-,0,0,391.4,
,,,,,
OM PHARMACY ST (1377) RAJKOT,BIO-ANXIT 10 T,3,0,173.58,
,,,,,
Sub Total,-,0,0,173.58,
,,,,,
OM SHANTI MEDICINES RAJKOT,ROZTOR A 10 C.,3,0,162,
,,,,,
Sub Total,-,0,0,162,
,,,,,
OSHO MEDICINES RAJKOT,BIO-AZAPIN 10 T,6,0,452.58,
,,,,,
OSHO MEDICINES RAJKOT,R-ZOLE D 10 T,3,0,142.08,
,,,,,
Sub Total,-,0,0,594.66,
,,,,,
PALAV MEDICALS RAJKOT,TELEXA-80 H 10 T,3,0,231.42,
,,,,,
Sub Total,-,0,0,231.42,
,,,,,
PANAM MEDICAL  PADDHRI,GTT KIT 75 GM,20,0,732.2,
,,,,,
Sub Total,-,0,0,732.2,
,,,,,
PANCHESHWAR MEDICAL S.V.ROAD RAJKOT,BIOMET G2 P 10 TAB,3,0,139.26,
,,,,,
PANCHESHWAR MEDICAL S.V.ROAD RAJKOT,STELLA 60K 4 TAB,3,0,212.13,
,,,,,
PANCHESHWAR MEDICAL S.V.ROAD RAJKOT,TELEXA-M 50 10 T,3,0,169.71,
,,,,,
Sub Total,-,0,0,521.1,
,,,,,
PANCHNATH MEDICAL STORE MTANKI RAJKOT,ACCUTHYRO 50 120 TAB,14,0,1230.04,
,,,,,
PANCHNATH MEDICAL STORE MTANKI RAJKOT,ACCUTHYRO 75 120 TAB,10,0,1221.4,
,,,,,
PANCHNATH MEDICAL STORE MTANKI RAJKOT,GTT KIT 75 GM,3,0,109.83,
,,,,,
PANCHNATH MEDICAL STORE MTANKI RAJKOT,ROZTOR 5 10 T,50,0,1607,
,,,,,
PANCHNATH MEDICAL STORE MTANKI RAJKOT,STELLA 60K 4 TAB,30,0,2121.3,
,,,,,
Sub Total,-,0,0,6289.57,
,,,,,
PARAS PHARMACY 1140 RAJKOT,BIOMET G2 P 10 TAB,3,0,139.26,
,,,,,
PARAS PHARMACY 1140 RAJKOT,LOSWT 200 G. CHOCO 200 G.,1,0,292.88,
,,,,,
PARAS PHARMACY 1140 RAJKOT,TELEXA-AM 10 TAB,3,0,169.71,
,,,,,
Sub Total,-,0,0,601.85,
,,,,,
PARESH CHEMIST PADDHARI,R-ZOLE DSR 10 CAP,11,0,622.27,
,,,,,
Sub Total,-,0,0,622.27,
,,,,,
PARITOSH MEDICAL STORES RAJKOT,VOLENT GEL 30 GM,10,0,514.3,
,,,,,
Sub Total,-,0,0,514.3,
,,,,,
PARSHVAM MEDICINES RAJKOT,BIO-ANXIT 10 T,90,0,5207.4,
,,,,,
PARSHVAM MEDICINES RAJKOT,BIOPRE-NT 10 T,60,0,5400,
,,,,,
PARSHVAM MEDICINES RAJKOT,BIO-SODA 10 T,30,0,771.3,
,,,,,
PARSHVAM MEDICINES RAJKOT,BSOX GEL 100 ML,18,0,1388.52,
,,,,,
PARSHVAM MEDICINES RAJKOT,L-URIDE 10 T,42,0,1782.06,
,,,,,
Sub Total,-,0,0,14549.28,
,,,,,
PARTH MEDICAL STORE LAJAI LAJAI,BIOMET PG 10 T,3,0,127.29,
,,,,,
Sub Total,-,0,0,127.29,
,,,,,
PARV MEDICAL STORE PADDHARI PADDHARI,BIOMET G1 P  10 TAB,10,1,424.3,
,,,,,
PARV MEDICAL STORE PADDHARI PADDHARI,BIOMET G2 P 10 TAB,10,1,464.2,
,,,,,
PARV MEDICAL STORE PADDHARI PADDHARI,BIOXIGA M 10 T.,13,1,1337.18,
,,,,,
PARV MEDICAL STORE PADDHARI PADDHARI,DIEXOMET G1 10 T,10,1,457.1,
,,,,,
PARV MEDICAL STORE PADDHARI PADDHARI,DIEXOMET G2 10 T,13,1,690.82,
,,,,,
Sub Total,-,0,0,3373.6,
,,,,,
PATEL MEDICAL STORE BABRA BABRA,TELEXA-M 50 10 T,3,0,169.71,
,,,,,
Sub Total,-,0,0,169.71,
,,,,,
PATEL MEDICINE MORBI ROAD RAJKOT,BIO-ANXIT 10 T,5,0,289.3,
,,,,,
PATEL MEDICINE MORBI ROAD RAJKOT,B-PAM 10 10 TAB,4,0,215.44,
,,,,,
PATEL MEDICINE MORBI ROAD RAJKOT,R-ZOLE-L 10 CAP,2,0,205.72,
,,,,,
Sub Total,-,0,0,710.46,
,,,,,
PATSON MEDICINES NANA MAVA RAJKOT,BIOPRE-NT 10 T,3,0,270,
,,,,,
PATSON MEDICINES NANA MAVA RAJKOT,ROZTOR 5 10 T,3,0,96.42,
,,,,,
PATSON MEDICINES NANA MAVA RAJKOT,R-ZOLE DSR 10 CAP,1,0,56.57,
,,,,,
Sub Total,-,0,0,422.99,
,,,,,
PAYAL MEDICINES AMIN MARG 706 RAJKOT,ACCUTHYRO 100 120 TAB,2,0,225.72,
,,,,,
PAYAL MEDICINES AMIN MARG 706 RAJKOT,BIOMET G1 10 TAB,6,0,127.26,
,,,,,
PAYAL MEDICINES AMIN MARG 706 RAJKOT,BIOMET G1 P  10 TAB,4,0,169.72,
,,,,,
PAYAL MEDICINES AMIN MARG 706 RAJKOT,BIOMET G2 10 T,12,0,277.68,
,,,,,
PAYAL MEDICINES AMIN MARG 706 RAJKOT,BIOMET G2 FORTE 10 T,3,0,106.08,
,,,,,
PAYAL MEDICINES AMIN MARG 706 RAJKOT,BIOMET G2 P 10 TAB,8,0,371.36,
,,,,,
PAYAL MEDICINES AMIN MARG 706 RAJKOT,BIOMET PG 10 T,18,0,763.74,
,,,,,
PAYAL MEDICINES AMIN MARG 706 RAJKOT,BIOMMF  10 T,6,0,2221.74,
,,,,,
PAYAL MEDICINES AMIN MARG 706 RAJKOT,BIOPRE-NT 10 T,3,0,270,
,,,,,
PAYAL MEDICINES AMIN MARG 706 RAJKOT,BIOTENLY-M 10 T,2,0,167.14,
,,,,,
PAYAL MEDICINES AMIN MARG 706 RAJKOT,BSOX GEL 100 ML,1,0,77.14,
,,,,,
PAYAL MEDICINES AMIN MARG 706 RAJKOT,CDH FORTE 10 T.,2,0,167.14,
,,,,,
PAYAL MEDICINES AMIN MARG 706 RAJKOT,E-TEGO 10 T,1,0,85.42,
,,,,,
PAYAL MEDICINES AMIN MARG 706 RAJKOT,ETIWELL 0.5 10 T.,4,0,113.16,
,,,,,
PAYAL MEDICINES AMIN MARG 706 RAJKOT,L-URIDE 10 T,6,0,254.58,
,,,,,
PAYAL MEDICINES AMIN MARG 706 RAJKOT,R-ZOLE DSR 10 CAP,6,0,339.42,
,,,,,
PAYAL MEDICINES AMIN MARG 706 RAJKOT,STELLA 60K 4 TAB,4,0,282.84,
,,,,,
PAYAL MEDICINES AMIN MARG 706 RAJKOT,TELEXA 40 10 TAB,20,0,848.6,
,,,,,
PAYAL MEDICINES AMIN MARG 706 RAJKOT,TILCEF 250 10 TAB,2,0,311.14,
,,,,,
Sub Total,-,0,0,7179.88,
,,,,,
PHARMA POINT MEDICAL (1155)KANGASIYALI. KANGASIYALI,BIO-ANXIT 10 T,4,0,231.44,
,,,,,
PHARMA POINT MEDICAL (1155)KANGASIYALI. KANGASIYALI,TELEXA-M 50 10 T,3,0,169.71,
,,,,,
Sub Total,-,0,0,401.15,
,,,,,
PHARMAWORLD IC RAJKOT,BIOMET G1 10 TAB,5,0,106.05,
,,,,,
PHARMAWORLD IC RAJKOT,BIOMET G2 10 T,5,0,115.7,
,,,,,
PHARMAWORLD IC RAJKOT,BIOTENLY-20 10 T,6,0,347.16,
,,,,,
PHARMAWORLD IC RAJKOT,BIOTENLY-M 10 T,3,0,250.71,
,,,,,
PHARMAWORLD IC RAJKOT,ROZTOR A 10 C.,4,0,216,
,,,,,
PHARMAWORLD IC RAJKOT,STELLA 60K 4 TAB,6,0,424.26,
,,,,,
PHARMAWORLD IC RAJKOT,TELEXA H 40 10 TAB,7,0,346.5,
,,,,,
PHARMAWORLD IC RAJKOT,TELEXA M 25 10 T.,3,0,162,
,,,,,
PHARMAWORLD IC RAJKOT,TELEXA-AM 10 TAB,3,0,169.71,
,,,,,
PHARMAWORLD IC RAJKOT,TELEXA-CM 50 10 T.,3,0,277.92,
,,,,,
Sub Total,-,0,0,2416.01,
,,,,,
PHARMAWORLD SHREEJI PHARM P.LT RAJKOT,BIOPRE-NT 10 T,4,0,360,
,,,,,
PHARMAWORLD SHREEJI PHARM P.LT RAJKOT,B-PAM 10 10 TAB,3,0,161.58,
,,,,,
PHARMAWORLD SHREEJI PHARM P.LT RAJKOT,TELEXA H 40 10 TAB,10,0,495,
,,,,,
PHARMAWORLD SHREEJI PHARM P.LT RAJKOT,TELEXA M 25 10 T.,7,0,378,
,,,,,
PHARMAWORLD SHREEJI PHARM P.LT RAJKOT,TELEXA-AM 10 TAB,4,0,226.28,
,,,,,
Sub Total,-,0,0,1620.86,
,,,,,
PRAMUKH MEDICAL (RING ROAD) RAJKOT,DIEXOMET GV 2.3 10 T.,1,0,77.14,
,,,,,
Sub Total,-,0,0,77.14,
,,,,,
PRAMUKH MEDICAL (RING ROAD)1441 RAJKOT,DIEXOMET GV 2.3 10 T.,1,0,77.14,
,,,,,
Sub Total,-,0,0,77.14,
,,,,,
PRARTHANA MEDICINE. RAJKOT,B-PAM 10 10 TAB,6,0,323.1,
,,,,,
PRARTHANA MEDICINE. RAJKOT,R-ZOLE 20 10 TAB,6,0,270,
,,,,,
PRARTHANA MEDICINE. RAJKOT,R-ZOLE D 10 T,6,0,284.16,
,,,,,
PRARTHANA MEDICINE. RAJKOT,TELEXA 40 10 TAB,10,0,424.3,
,,,,,
Sub Total,-,0,0,1301.56,
,,,,,
PRATHAM MEDICINES (474) RAJKOT,R-ZOLE DSR 10 CAP,3,0,169.71,
,,,,,
Sub Total,-,0,0,169.71,
,,,,,
PRATHNA MED.STO.MADHAPAR 887 RAJKOT,BIOMET G2 P 10 TAB,6,0,278.52,
,,,,,
Sub Total,-,0,0,278.52,
,,,,,
RADHE PHARMACY (150 FT) RAJKOT,BIOMET G1 10 TAB,3,0,63.63,
,,,,,
RADHE PHARMACY (150 FT) RAJKOT,BIOMET G2 10 T,3,0,69.42,
,,,,,
Sub Total,-,0,0,133.05,
,,,,,
RAGHAV MEDICAL STORE RAJKOT,TELEXA H 40 10 TAB,10,0,495,
,,,,,
RAGHAV MEDICAL STORE RAJKOT,TELEXA-AM 10 TAB,5,0,282.85,
,,,,,
RAGHAV MEDICAL STORE RAJKOT,TELEXA-CM 50 10 T.,3,0,277.92,
,,,,,
RAGHAV MEDICAL STORE RAJKOT,TELEXA-M 50 10 T,10,0,565.7,
,,,,,
Sub Total,-,0,0,1621.47,
,,,,,
RAJ PHARMACY 907 RAJKOT,BIOMET PG 10 T,6,0,254.58,
,,,,,
RAJ PHARMACY 907 RAJKOT,BIOTENLY-M 10 T,3,0,250.71,
,,,,,
Sub Total,-,0,0,505.29,
,,,,,
RAJESH MEDICAL STORE RNCHHO432 RAJKOT,BIOTENLY-M 10 T,1,0,83.57,
,,,,,
RAJESH MEDICAL STORE RNCHHO432 RAJKOT,CDH FORTE 10 T.,4,0,334.28,
,,,,,
RAJESH MEDICAL STORE RNCHHO432 RAJKOT,DIEXOMET GV 2.3 10 T.,6,0,462.84,
,,,,,
RAJESH MEDICAL STORE RNCHHO432 RAJKOT,TELEXA 40 10 TAB,3,0,127.29,
,,,,,
RAJESH MEDICAL STORE RNCHHO432 RAJKOT,TELEXA-AM 10 TAB,13,0,735.41,
,,,,,
Sub Total,-,0,0,1743.39,
,,,,,
RAJKOT PHARMACY KUVADAVA ROAD RAJKOT,GTT KIT 75 GM,1,0,36.61,
,,,,,
RAJKOT PHARMACY KUVADAVA ROAD RAJKOT,TELEXA-AM 10 TAB,10,0,565.7,
,,,,,
Sub Total,-,0,0,602.31,
,,,,,
RAM MEDICINES RAILNAGAR (821) RAJKOT,DIEXOMET G2 10 T,5,0,265.7,
,,,,,
RAM MEDICINES RAILNAGAR (821) RAJKOT,VOLENT GEL 30 GM,1,0,51.43,
,,,,,
Sub Total,-,0,0,317.13,
,,,,,
RAM MEDICINES SPEEDWELL(1318) RAJKOT,ROZTOR 10 10 T,1,0,51.43,
,,,,,
RAM MEDICINES SPEEDWELL(1318) RAJKOT,ROZTOR A 10 C.,1,0,54,
,,,,,
Sub Total,-,0,0,105.43,
,,,,,
RAMESHWAR MEDICAL CENTRE RAJKOT,E-TEGO 10 T,10,3,854.2,
,,,,,
Sub Total,-,0,0,854.2,
,,,,,
RASHIK MEDICAL PADDHARI,BIO-ANXIT 10 T,6,0,347.16,
,,,,,
Sub Total,-,0,0,347.16,
,,,,,
REAL PHARMACY KVD ROAD RAJKOT,R-ZOLE DSR 10 CAP,3,0,169.71,
,,,,,
Sub Total,-,0,0,169.71,
,,,,,
RK PHARMACY RAJKOT,TELEXA 80 10 TAB,4,0,282.84,
,,,,,
Sub Total,-,0,0,282.84,
,,,,,
RUDRAX MEDICINES (MAVDI) RAJKOT.,BIOMET PG 10 T,3,0,127.29,
,,,,,
Sub Total,-,0,0,127.29,
,,,,,
S S MEDICINES KOTHARIYA RAJKOT,ETIWELL 0.5 10 T.,1,0,28.29,
,,,,,
S S MEDICINES KOTHARIYA RAJKOT,TELEXA H 40 10 TAB,3,0,148.5,
,,,,,
Sub Total,-,0,0,176.79,
,,,,,
SAARTHI PHARMACY VNAGAR RAJKOT,R-ZOLE DSR 10 CAP,20,0,1131.4,
,,,,,
Sub Total,-,0,0,1131.4,
,,,,,
SANJIVANI MEDICINESKOTHARIA530 RAJKOT,BIO-ANXIT 10 T,6,0,347.16,
,,,,,
Sub Total,-,0,0,347.16,
,,,,,
SANKALP MEDICINE (544) RAJKOT,BIOPRE-NT 10 T,6,0,540,
,,,,,
SANKALP MEDICINE (544) RAJKOT,E-TEGO 10 T,6,0,512.52,
,,,,,
Sub Total,-,0,0,1052.52,
,,,,,
SAPNA MEDICAL RAJKOT,BIO-ANXIT 10 T,3,0,173.58,
,,,,,
SAPNA MEDICAL RAJKOT,BIOMET G1 10 TAB,10,0,212.1,
,,,,,
SAPNA MEDICAL RAJKOT,TELEXA 40 10 TAB,3,0,127.29,
,,,,,
SAPNA MEDICAL RAJKOT,TELEXA H 40 10 TAB,4,0,198,
,,,,,
Sub Total,-,0,0,710.97,
,,,,,
SATGURU MEDIZONE RAJKOT,STELLA 60K 4 TAB,1,0,70.71,
,,,,,
Sub Total,-,0,0,70.71,
,,,,,
SATVIK PHARMACY RAJKOT,B-CLAMI 10 T,10,1,1607.12,
,,,,,
SATVIK PHARMACY RAJKOT,BIO-ANXIT 10 T,30,3,1735.8,
,,,,,
SATVIK PHARMACY RAJKOT,BIO-AZAPIN 10 T,20,2,1508.6,
,,,,,
Sub Total,-,0,0,4851.52,
,,,,,
SATYAM PHARMACY RAIYA ROAD RAJKOT,B-CLAMI 10 T,1,0,160.72,
,,,,,
SATYAM PHARMACY RAIYA ROAD RAJKOT,BIO-ANXIT CZ 0.25 10 T,6,0,339.42,
,,,,,
SATYAM PHARMACY RAIYA ROAD RAJKOT,BIOPRE-NT 10 T,5,0,450,
,,,,,
SATYAM PHARMACY RAIYA ROAD RAJKOT,BIOTENLY-M 10 T,9,0,752.13,
,,,,,
SATYAM PHARMACY RAIYA ROAD RAJKOT,BIOXIGA M 10 T.,3,0,308.58,
,,,,,
SATYAM PHARMACY RAIYA ROAD RAJKOT,BSOX GEL 100 ML,13,0,1002.82,
,,,,,
SATYAM PHARMACY RAIYA ROAD RAJKOT,E-TEGO 10 T,3,0,256.26,
,,,,,
SATYAM PHARMACY RAIYA ROAD RAJKOT,ROZTOR A 10 C.,3,0,162,
,,,,,
SATYAM PHARMACY RAIYA ROAD RAJKOT,R-ZOLE 20 10 TAB,5,0,225,
,,,,,
SATYAM PHARMACY RAIYA ROAD RAJKOT,STELLA 60K 4 TAB,2,0,141.42,
,,,,,
SATYAM PHARMACY RAIYA ROAD RAJKOT,TELEXA 40 10 TAB,2,0,84.86,
,,,,,
SATYAM PHARMACY RAIYA ROAD RAJKOT,TELEXA H 40 10 TAB,3,0,148.5,
,,,,,
SATYAM PHARMACY RAIYA ROAD RAJKOT,TELEXA M 25 10 T.,3,0,162,
,,,,,
SATYAM PHARMACY RAIYA ROAD RAJKOT,TELEXA-80 H 10 T,3,0,231.42,
,,,,,
Sub Total,-,0,0,4425.13,
,,,,,
SHARDA MEDICINE 650 RAJKOT,R-ZOLE-L 10 CAP,20,2,2057.2,
,,,,,
Sub Total,-,0,0,2057.2,
,,,,,
SHIV MED & GEN STORE (KOTHARIYA) RAJKOT,BIO-ANXIT 10 T,1,0,57.86,
,,,,,
SHIV MED & GEN STORE (KOTHARIYA) RAJKOT,BIOTENLY-M 10 T,3,0,250.71,
,,,,,
Sub Total,-,0,0,308.57,
,,,,,
SHIV MEDICAL (NAVNIT HALL)1099 RAJKOT,BIOMET G1 P  10 TAB,3,0,127.29,
,,,,,
SHIV MEDICAL (NAVNIT HALL)1099 RAJKOT,BIOMET G2 10 T,6,0,138.84,
,,,,,
Sub Total,-,0,0,266.13,
,,,,,
SHIV MEDICAL SONI BAZAR RAJKOT,TELEXA-M 50 10 T,2,0,113.14,
,,,,,
Sub Total,-,0,0,113.14,
,,,,,
SHIV PHARMACY (KARANPARA) RAJKOT,R-ZOLE D 10 T,10,0,473.6,
,,,,,
Sub Total,-,0,0,473.6,
,,,,,
SHIV SHAKTI MEDICAL STORES KRN RAJKOT,R-ZOLE D 10 T,40,4,1894.4,
,,,,,
Sub Total,-,0,0,1894.4,
,,,,,
SHIV SWASTIK MEDICAL RAJKOT,BIOXIGA M 10 T.,60,6,6171.6,
,,,,,
SHIV SWASTIK MEDICAL RAJKOT,DIEXOMET G1 10 T,70,7,3199.3,
,,,,,
SHIV SWASTIK MEDICAL RAJKOT,DIEXOMET G2 10 T,110,11,5845.4,
,,,,,
Sub Total,-,0,0,15216.3,
,,,,,
SHIVALAY M & G ST. SANTKABIR RAJKOT,BIOMET G1 10 TAB,5,0,106.05,
,,,,,
SHIVALAY M & G ST. SANTKABIR RAJKOT,BIOMET G2 10 T,8,0,185.12,
,,,,,
Sub Total,-,0,0,291.17,
,,,,,
SHIVAM MED.CENTRE IC 395 RAJKOT,BIO-ANXIT 10 T,8,0,462.88,
,,,,,
SHIVAM MED.CENTRE IC 395 RAJKOT,BIO-AZAPIN 10 T,3,0,226.29,
,,,,,
SHIVAM MED.CENTRE IC 395 RAJKOT,BIOMET G1 P  10 TAB,6,0,254.52,
,,,,,
SHIVAM MED.CENTRE IC 395 RAJKOT,BIOMET G2 10 T,10,0,231.4,
,,,,,
SHIVAM MED.CENTRE IC 395 RAJKOT,BIOMET G2 P 10 TAB,5,0,232.1,
,,,,,
SHIVAM MED.CENTRE IC 395 RAJKOT,BIOMET PG 10 T,6,0,254.58,
,,,,,
SHIVAM MED.CENTRE IC 395 RAJKOT,BIOTENLY-M 10 T,10,0,835.7,
,,,,,
SHIVAM MED.CENTRE IC 395 RAJKOT,BIOVILDA 100 SR 10 T.,3,0,270,
,,,,,
SHIVAM MED.CENTRE IC 395 RAJKOT,BIOXIGA V 10 T,3,0,347.13,
,,,,,
SHIVAM MED.CENTRE IC 395 RAJKOT,BSOX GEL 100 ML,4,0,308.56,
,,,,,
SHIVAM MED.CENTRE IC 395 RAJKOT,E-TEGO 10 T,9,0,768.78,
,,,,,
SHIVAM MED.CENTRE IC 395 RAJKOT,GTT KIT 75 GM,6,0,219.66,
,,,,,
SHIVAM MED.CENTRE IC 395 RAJKOT,ROZTOR 10 10 T,16,0,822.88,
,,,,,
SHIVAM MED.CENTRE IC 395 RAJKOT,ROZTOR 5 10 T,5,0,160.7,
,,,,,
SHIVAM MED.CENTRE IC 395 RAJKOT,ROZTOR A 10 C.,6,0,324,
,,,,,
SHIVAM MED.CENTRE IC 395 RAJKOT,R-ZOLE D 10 T,6,0,284.16,
,,,,,
SHIVAM MED.CENTRE IC 395 RAJKOT,R-ZOLE DSR 10 CAP,19,0,1074.83,
,,,,,
SHIVAM MED.CENTRE IC 395 RAJKOT,STELLA 60K 4 TAB,16,0,1131.36,
,,,,,
SHIVAM MED.CENTRE IC 395 RAJKOT,TELEXA 40 10 TAB,12,0,509.16,
,,,,,
SHIVAM MED.CENTRE IC 395 RAJKOT,TELEXA H 40 10 TAB,10,0,495,
,,,,,
SHIVAM MED.CENTRE IC 395 RAJKOT,TELEXA M 25 10 T.,7,0,378,
,,,,,
SHIVAM MED.CENTRE IC 395 RAJKOT,TELEXA-80 H 10 T,4,0,308.56,
,,,,,
SHIVAM MED.CENTRE IC 395 RAJKOT,TELEXA-AM 10 TAB,16,0,905.12,
,,,,,
SHIVAM MED.CENTRE IC 395 RAJKOT,TELEXA-M 50 10 T,4,0,226.28,
,,,,,
SHIVAM MED.CENTRE IC 395 RAJKOT,VOLENT GEL 30 GM,2,0,102.86,
,,,,,
Sub Total,-,0,0,11134.51,
,,,,,
SHIVAM MEDICAL LANDMARK 0997 RAJKOT,BIO-AZAPIN 10 T,70,7,5280.1,
,,,,,
SHIVAM MEDICAL LANDMARK 0997 RAJKOT,R-ZOLE 20 10 TAB,30,3,1350,
,,,,,
SHIVAM MEDICAL LANDMARK 0997 RAJKOT,R-ZOLE D 10 T,120,12,5683.2,
,,,,,
SHIVAM MEDICAL LANDMARK 0997 RAJKOT,R-ZOLE DSR 10 CAP,200,20,11314,
,,,,,
SHIVAM MEDICAL LANDMARK 0997 RAJKOT,STELLA 60K 4 TAB,30,3,2121.3,
,,,,,
SHIVAM MEDICAL LANDMARK 0997 RAJKOT,TELEXA 40 10 TAB,90,9,3818.7,
,,,,,
SHIVAM MEDICAL LANDMARK 0997 RAJKOT,TELEXA-AM 10 TAB,30,3,1697.1,
,,,,,
Sub Total,-,0,0,31264.4,
,,,,,
SHIVAM MEDICAL STORE  DHEB RD RAJKOT,BIO-AZAPIN 10 T,2,0,150.86,
,,,,,
SHIVAM MEDICAL STORE  DHEB RD RAJKOT,BIOMET G2 10 T,19,0,439.66,
,,,,,
SHIVAM MEDICAL STORE  DHEB RD RAJKOT,BIOMET PG 10 T,5,0,212.15,
,,,,,
SHIVAM MEDICAL STORE  DHEB RD RAJKOT,GTT KIT 75 GM,4,0,146.44,
,,,,,
SHIVAM MEDICAL STORE  DHEB RD RAJKOT,R-ZOLE D 10 T,4,0,189.44,
,,,,,
SHIVAM MEDICAL STORE  DHEB RD RAJKOT,STELLA 60K 4 TAB,6,0,424.26,
,,,,,
SHIVAM MEDICAL STORE  DHEB RD RAJKOT,TELEXA H 40 10 TAB,17,0,841.5,
,,,,,
SHIVAM MEDICAL STORE  DHEB RD RAJKOT,VOLENT GEL 30 GM,2,0,102.86,
,,,,,
SHIVAM MEDICAL STORE  DHEB RD RAJKOT,VOLENT-P 10 TAB,4,0,154.28,
,,,,,
Sub Total,-,0,0,2661.45,
,,,,,
SHIVAM PHARMACY IC 672 RAJKOT,BIO-ANXIT 10 T,12,0,694.32,
,,,,,
SHIVAM PHARMACY IC 672 RAJKOT,BIO-ANXIT NT 10 T,6,0,385.74,
,,,,,
SHIVAM PHARMACY IC 672 RAJKOT,BIOMET G1 10 TAB,6,0,127.26,
,,,,,
SHIVAM PHARMACY IC 672 RAJKOT,BIOTENLY-M 10 T,6,0,501.42,
,,,,,
SHIVAM PHARMACY IC 672 RAJKOT,BIOVILDA MSR  10 T,6,0,424.26,
,,,,,
SHIVAM PHARMACY IC 672 RAJKOT,BIOXIGA  10 TAB,3,0,308.58,
,,,,,
SHIVAM PHARMACY IC 672 RAJKOT,BSOX GEL 100 ML,2,0,154.28,
,,,,,
SHIVAM PHARMACY IC 672 RAJKOT,ETIWELL 0.25 10 TAB,4,0,84.84,
,,,,,
SHIVAM PHARMACY IC 672 RAJKOT,ROZTOR A 10 C.,3,0,162,
,,,,,
SHIVAM PHARMACY IC 672 RAJKOT,R-ZOLE 20 10 TAB,6,0,270,
,,,,,
SHIVAM PHARMACY IC 672 RAJKOT,STELLA 60K 4 TAB,5,0,353.55,
,,,,,
SHIVAM PHARMACY IC 672 RAJKOT,TELEXA-80 H 10 T,15,0,1157.1,
,,,,,
SHIVAM PHARMACY IC 672 RAJKOT,TELEXA-AM 10 TAB,6,0,339.42,
,,,,,
Sub Total,-,0,0,4962.77,
,,,,,
SHREE BADEBALAJI MED.ST. (255) RAJKOT,TELEXA-AM 10 TAB,3,0,169.71,
,,,,,
Sub Total,-,0,0,169.71,
,,,,,
SHREE BRAMHANI MEDICAL STORE RAJKOT,TELEXA-AM 10 TAB,3,0,169.71,
,,,,,
Sub Total,-,0,0,169.71,
,,,,,
SHREE DARSHAN MEDICAL STO. 397 RAJKOT,ROZTOR 10 10 T,3,0,154.29,
,,,,,
SHREE DARSHAN MEDICAL STO. 397 RAJKOT,STELLA 60K 4 TAB,1,0,70.71,
,,,,,
SHREE DARSHAN MEDICAL STO. 397 RAJKOT,TELEXA H 40 10 TAB,2,0,99,
,,,,,
Sub Total,-,0,0,324,
,,,,,
SHREE MAHAVIR MEDICAL STORES RAJKOT,BIO-ANXIT 10 T,2,0,115.72,
,,,,,
SHREE MAHAVIR MEDICAL STORES RAJKOT,BIOMET G2 10 T,4,0,92.56,
,,,,,
SHREE MAHAVIR MEDICAL STORES RAJKOT,DIEXOMET GV 2.2 10 T.,6,0,424.26,
,,,,,
SHREE MAHAVIR MEDICAL STORES RAJKOT,R-ZOLE DSR 10 CAP,2,0,113.14,
,,,,,
SHREE MAHAVIR MEDICAL STORES RAJKOT,TELEXA 40 10 TAB,3,0,127.29,
,,,,,
Sub Total,-,0,0,872.97,
,,,,,
SHREE PANJWANI TRADERS RAJKOT,ETIWELL 0.5 10 T.,5,0,141.45,
,,,,,
Sub Total,-,0,0,141.45,
,,,,,
SHREE PHARMACY PUNITNAGAR RAJKOT,ACCUTHYRO 100 120 TAB,5,0,564.3,
,,,,,
SHREE PHARMACY PUNITNAGAR RAJKOT,ACCUTHYRO 12.5 120 TAB,2,0,282.86,
,,,,,
SHREE PHARMACY PUNITNAGAR RAJKOT,ACCUTHYRO 25 120 TAB,5,0,617.85,
,,,,,
SHREE PHARMACY PUNITNAGAR RAJKOT,ACCUTHYRO 50 120 TAB,10,0,878.6,
,,,,,
Sub Total,-,0,0,2343.61,
,,,,,
SHREE RAM PHARMACY RAJKOT,BIOMET PG 10 T,3,0,127.29,
,,,,,
Sub Total,-,0,0,127.29,
,,,,,
SHREEJI MEDICAL MADHAPAR 708 RAJKOT,DIEXOMET GV 1.3 1*10,3,0,212.13,
,,,,,
Sub Total,-,0,0,212.13,
,,,,,
SHREEJI MEDICAL METODA METODA,BIOMET G1 10 TAB,3,0,63.63,
,,,,,
Sub Total,-,0,0,63.63,
,,,,,
SHREEJI MEDICINE (KEVAL) SVRD. RAJKOT,ETIWELL 0.5 10 T.,6,0,169.74,
,,,,,
Sub Total,-,0,0,169.74,
,,,,,
SHREEJI PHARMACY KVD RD.831 RAJKOT,BIOMET G1 10 TAB,3,0,63.63,
,,,,,
Sub Total,-,0,0,63.63,
,,,,,
SHREEMAD PHARMACY RAJKOT,BIO-ANXIT NT 10 T,2,0,128.58,
,,,,,
SHREEMAD PHARMACY RAJKOT,BIOTENLY-20 10 T,3,0,173.58,
,,,,,
SHREEMAD PHARMACY RAJKOT,BIOTENLY-M 10 T,3,0,250.71,
,,,,,
Sub Total,-,0,0,552.87,
,,,,,
SHREENATH MEDICINES SATYA 277 RAJKOT,STELLA 60K 4 TAB,2,0,141.42,
,,,,,
Sub Total,-,0,0,141.42,
,,,,,
SHREENATHJI CHEMIST RAJKOT,BIO-ANXIT 10 T,10,0,578.6,
,,,,,
Sub Total,-,0,0,578.6,
,,,,,
SHRI GANESH MEDICAL RAJKOT,TELEXA 40 10 TAB,10,0,424.3,
,,,,,
Sub Total,-,0,0,424.3,
,,,,,
SHRI HARI MEDICAL PEDAK RD 443\ RAJKOT,BIOMET G2 10 T,3,0,69.42,
,,,,,
SHRI HARI MEDICAL PEDAK RD 443\ RAJKOT,TELEXA H 40 10 TAB,3,0,148.5,
,,,,,
SHRI HARI MEDICAL PEDAK RD 443\ RAJKOT,TELEXA-AM 10 TAB,10,0,565.7,
,,,,,
Sub Total,-,0,0,783.62,
,,,,,
SHRI OM MEDICINES RAJKOT,BIOMET G2 P 10 TAB,3,0,139.26,
,,,,,
Sub Total,-,0,0,139.26,
,,,,,
SHRI PHARMACY SV RD.1090 RAJKOT,BIOVILDA MSR  10 T,3,0,212.13,
,,,,,
Sub Total,-,0,0,212.13,
,,,,,
SHRI RAJJI MEDICAL STORE 264 RAJKOT,BIO-AZAPIN 10 T,9,0,678.87,
,,,,,
SHRI RAJJI MEDICAL STORE 264 RAJKOT,BIOMET G2 10 T,10,0,231.4,
,,,,,
SHRI RAJJI MEDICAL STORE 264 RAJKOT,STELLA 60K 4 TAB,1,0,70.71,
,,,,,
SHRI RAJJI MEDICAL STORE 264 RAJKOT,TELEXA 40 10 TAB,6,0,254.58,
,,,,,
Sub Total,-,0,0,1235.56,
,,,,,
SHRI RAM MEDICAL HOUSE RAJKOT,GTT KIT 75 GM,1,0,36.61,
,,,,,
SHRI RAM MEDICAL HOUSE RAJKOT,STELLA 60K 4 TAB,2,0,141.42,
,,,,,
SHRI RAM MEDICAL HOUSE RAJKOT,TELEXA-AM 10 TAB,2,0,113.14,
,,,,,
Sub Total,-,0,0,291.17,
,,,,,
SHRI SHIV M&COS.ST.RAMNG283 RAJKOT,DIEXOMET GV 2.3 10 T.,6,0,462.84,
,,,,,
Sub Total,-,0,0,462.84,
,,,,,
SHRI SHIV MED.STORE ST.WRK 284 RAJKOT,BIOMET G1 P  10 TAB,3,0,127.26,
,,,,,
SHRI SHIV MED.STORE ST.WRK 284 RAJKOT,BSOX GEL 100 ML,1,0,77.14,
,,,,,
Sub Total,-,0,0,204.4,
,,,,,
SHRI SWAMINARAYAN MEDICAL STORE RAJKOT,TELEXA AMH  1*10,3,0,192.84,
,,,,,
Sub Total,-,0,0,192.84,
,,,,,
SHRIJI MEDICAL ST.KLVD RD 1197 RAJKOT,R-ZOLE 20 10 TAB,30,0,1350,
,,,,,
Sub Total,-,0,0,1350,
,,,,,
SHUBHAM MEDICAL STORE GONDAL GONDAL,BIOBETA AM 10 T.,12,0,617.14,
,,,,,
Sub Total,-,0,0,617.14,
,,,,,
SHUBHAM MEDICAL STORE SKBIR RAJKOT,TELEXA 40 10 TAB,3,0,127.29,
,,,,,
Sub Total,-,0,0,127.29,
,,,,,
SHUBHAM MEDICINES NNMAVA402 RAJKOT,DIEXOMET GV 2.2 10 T.,3,0,212.13,
,,,,,
Sub Total,-,0,0,212.13,
,,,,,
SHYAM MEDICAL BAPASITARAM RAJKOT,TELEXA-AM 10 TAB,3,0,169.71,
,,,,,
Sub Total,-,0,0,169.71,
,,,,,
SHYAM MEDICINES RAJKOT,TELEXA-AM 10 TAB,3,0,169.71,
,,,,,
Sub Total,-,0,0,169.71,
,,,,,
SIDDHI VINAYAK MEDICAL STORES RAJKOT,GTT KIT 75 GM,10,0,366.1,
,,,,,
Sub Total,-,0,0,366.1,
,,,,,
SNEH MEDICAL SV ROAD RAJKOT,GTT KIT 75 GM,5,0,183.05,
,,,,,
Sub Total,-,0,0,183.05,
,,,,,
SNEH WOMAN''S HOSPITAL  RAJKOT,GTT KIT 75 GM,15,3,549.15,
,,,,,
Sub Total,-,0,0,549.15,
,,,,,
STERLING OPD PHARMACY RAJKOT,BIO-ANXIT 10 T,80,0,4628.8,
,,,,,
Sub Total,-,0,0,4628.8,
,,,,,
SUKRUPA MEDICAL AGENCY RAJKOT,R-ZOLE DSR 10 CAP,9,0,509.13,
,,,,,
SUKRUPA MEDICAL AGENCY RAJKOT,STELLA 60K 4 TAB,1,0,70.71,
,,,,,
Sub Total,-,0,0,579.84,
,,,,,
SUPER CHEMIST RAJKOT,R-ZOLE 20 10 TAB,14,0,630,
,,,,,
SUPER CHEMIST RAJKOT,TELEXA H 40 10 TAB,3,0,148.5,
,,,,,
Sub Total,-,0,0,778.5,
,,,,,
SUVIDHA SAR. MEDI. ST. (MAVDI) RAJKOT,BIO-ANXIT 10 T,10,0,578.6,
,,,,,
SUVIDHA SAR. MEDI. ST. (MAVDI) RAJKOT,BIO-AZAPIN 10 T,10,0,754.3,
,,,,,
SUVIDHA SAR. MEDI. ST. (MAVDI) RAJKOT,BIOMET G1 10 TAB,20,0,424.2,
,,,,,
SUVIDHA SAR. MEDI. ST. (MAVDI) RAJKOT,BIOMET G2 10 T,10,0,231.4,
,,,,,
SUVIDHA SAR. MEDI. ST. (MAVDI) RAJKOT,BIOMET G2 P 10 TAB,6,0,278.52,
,,,,,
SUVIDHA SAR. MEDI. ST. (MAVDI) RAJKOT,BIOTENLY M FORTE 10 T,3,0,270,
,,,,,
SUVIDHA SAR. MEDI. ST. (MAVDI) RAJKOT,BIOXIGA M 10 T.,3,0,308.58,
,,,,,
SUVIDHA SAR. MEDI. ST. (MAVDI) RAJKOT,BIOXIGA V 10 T,3,0,347.13,
,,,,,
SUVIDHA SAR. MEDI. ST. (MAVDI) RAJKOT,DIEXOMET GV 2.2 10 T.,10,0,707.1,
,,,,,
SUVIDHA SAR. MEDI. ST. (MAVDI) RAJKOT,DIEXOMET GV 2.3 10 T.,6,0,462.84,
,,,,,
SUVIDHA SAR. MEDI. ST. (MAVDI) RAJKOT,E-TEGO 10 T,22,0,1879.24,
,,,,,
SUVIDHA SAR. MEDI. ST. (MAVDI) RAJKOT,ETIWELL 0.25 10 TAB,6,0,127.26,
,,,,,
SUVIDHA SAR. MEDI. ST. (MAVDI) RAJKOT,GTT KIT 75 GM,6,0,219.66,
,,,,,
SUVIDHA SAR. MEDI. ST. (MAVDI) RAJKOT,L-URIDE 10 T,10,0,424.3,
,,,,,
SUVIDHA SAR. MEDI. ST. (MAVDI) RAJKOT,ROZTOR 10 10 T,10,0,514.3,
,,,,,
SUVIDHA SAR. MEDI. ST. (MAVDI) RAJKOT,R-ZOLE 20 10 TAB,16,0,720,
,,,,,
SUVIDHA SAR. MEDI. ST. (MAVDI) RAJKOT,R-ZOLE-L 10 CAP,6,0,617.16,
,,,,,
SUVIDHA SAR. MEDI. ST. (MAVDI) RAJKOT,STELLA 60K 4 TAB,20,0,1414.2,
,,,,,
SUVIDHA SAR. MEDI. ST. (MAVDI) RAJKOT,TELEXA AMH  1*10,6,0,385.68,
,,,,,
SUVIDHA SAR. MEDI. ST. (MAVDI) RAJKOT,TELEXA M 25 10 T.,6,0,324,
,,,,,
SUVIDHA SAR. MEDI. ST. (MAVDI) RAJKOT,TELEXA-AM 10 TAB,20,0,1131.4,
,,,,,
SUVIDHA SAR. MEDI. ST. (MAVDI) RAJKOT,VOLENT GEL 30 GM,3,0,154.29,
,,,,,
SUVIDHA SAR. MEDI. ST. (MAVDI) RAJKOT,VOLENT-P 10 TAB,6,0,231.42,
,,,,,
Sub Total,-,0,0,12505.58,
,,,,,
SWARAJ MEDICINES METODA,BIOTENLY-M 10 T,2,0,167.14,
,,,,,
Sub Total,-,0,0,167.14,
,,,,,
SWASTIK MEDICAL STORE RAJKOT,BIOMET G1 10 TAB,3,0,63.63,
,,,,,
SWASTIK MEDICAL STORE RAJKOT,BIOMET G1 P  10 TAB,3,0,127.26,
,,,,,
SWASTIK MEDICAL STORE RAJKOT,BIOMET PG 10 T,3,0,127.29,
,,,,,
SWASTIK MEDICAL STORE RAJKOT,TELEXA 40 10 TAB,3,0,127.29,
,,,,,
Sub Total,-,0,0,445.47,
,,,,,
TANNA HEALTHCARE PVT LTD RAJKOT,BIOXIGA MS 100 10 T,10,0,1414.3,
,,,,,
TANNA HEALTHCARE PVT LTD RAJKOT,BSOX GEL 100 ML,28,0,2159.92,
,,,,,
TANNA HEALTHCARE PVT LTD RAJKOT,R-ZOLE DSR 10 CAP,120,0,6788.4,
,,,,,
TANNA HEALTHCARE PVT LTD RAJKOT,TELEXA AMH  1*10,20,0,1285.69,
,,,,,
TANNA HEALTHCARE PVT LTD RAJKOT,TELEXA H 40 10 TAB,60,0,2970,
,,,,,
Sub Total,-,0,0,14618.31,
,,,,,
TANNA MEDICINES (1097) RAJKOT,STELLA 60K 4 TAB,10,1,707.1,
,,,,,
TANNA MEDICINES (1097) RAJKOT,VOLENT GEL 30 GM,20,2,1028.6,
,,,,,
Sub Total,-,0,0,1735.7,
,,,,,
TIRUPATI MEDICAL & GENE.STORES RAJKOT,TILCEF 250 10 TAB,2,0,311.14,
,,,,,
Sub Total,-,0,0,311.14,
,,,,,
TIRUPATI MEDICAL STORE SHAPER SHAPER,R-ZOLE DSR 10 CAP,2,0,113.14,
,,,,,
Sub Total,-,0,0,113.14,
,,,,,
TULSI MEDICINES RAIYA RD 1047 RAJKOT,BIOMET G1 P  10 TAB,5,0,212.15,
,,,,,
TULSI MEDICINES RAIYA RD 1047 RAJKOT,BIOMET PG 10 T,3,0,127.29,
,,,,,
TULSI MEDICINES RAIYA RD 1047 RAJKOT,BIOPRE-NT 10 T,3,0,270,
,,,,,
TULSI MEDICINES RAIYA RD 1047 RAJKOT,DIEXOMET GV 2.2 10 T.,3,0,212.13,
,,,,,
TULSI MEDICINES RAIYA RD 1047 RAJKOT,GTT KIT 75 GM,2,0,73.22,
,,,,,
TULSI MEDICINES RAIYA RD 1047 RAJKOT,STELLA 60K 4 TAB,2,0,141.42,
,,,,,
TULSI MEDICINES RAIYA RD 1047 RAJKOT,TELEXA-80 H 10 T,3,0,231.42,
,,,,,
Sub Total,-,0,0,1267.63,
,,,,,
UMA PHARMACY SV ROAD RAJKOT,BIOTENLY M FORTE 10 T,2,0,180,
,,,,,
Sub Total,-,0,0,180,
,,,,,
UNIQUE PHARMACY AMIN MARG RAJKOT,STELLA 60K 4 TAB,2,0,141.42,
,,,,,
Sub Total,-,0,0,141.42,
,,,,,
UNO CHEMIST RAJKOT,STELLA 60K 4 TAB,1,0,70.71,
,,,,,
Sub Total,-,0,0,70.71,
,,,,,
VARAD MEDICINES 0314 RAJKOT,BIOMET G1 10 TAB,6,0,127.26,
,,,,,
VARAD MEDICINES 0314 RAJKOT,BIOMET G1 P  10 TAB,4,0,169.72,
,,,,,
VARAD MEDICINES 0314 RAJKOT,BIOMET G2 10 T,6,0,138.84,
,,,,,
VARAD MEDICINES 0314 RAJKOT,BIOMET G2 P 10 TAB,3,0,139.26,
,,,,,
VARAD MEDICINES 0314 RAJKOT,BIOTENLY-M 10 T,6,0,501.42,
,,,,,
VARAD MEDICINES 0314 RAJKOT,ETIWELL 0.25 10 TAB,3,0,63.63,
,,,,,
VARAD MEDICINES 0314 RAJKOT,ROZTOR 10 10 T,3,0,154.29,
,,,,,
VARAD MEDICINES 0314 RAJKOT,R-ZOLE DSR 10 CAP,2,0,113.14,
,,,,,
VARAD MEDICINES 0314 RAJKOT,STELLA 60K 4 TAB,4,0,282.84,
,,,,,
VARAD MEDICINES 0314 RAJKOT,TELEXA 40 10 TAB,8,0,339.44,
,,,,,
VARAD MEDICINES 0314 RAJKOT,TELEXA H 40 10 TAB,2,0,99,
,,,,,
VARAD MEDICINES 0314 RAJKOT,TELEXA M 25 10 T.,11,0,594,
,,,,,
Sub Total,-,0,0,2722.84,
,,,,,
VARDHMAN MEDICAL STORE 1340 RAJKOT,LOSWT 200 G. CHOCO 200 G.,1,0,292.88,
,,,,,
Sub Total,-,0,0,292.88,
,,,,,
VARSANI PHARMACY RAJKOT,DIEXOMET GV 2.2 10 T.,40,0,2828.4,
,,,,,
Sub Total,-,0,0,2828.4,
,,,,,
VEER MEDICINE  RAJKOT,GTT KIT 75 GM,15,0,549.15,
,,,,,
Sub Total,-,0,0,549.15,
,,,,,
VIKAS MEDICAL MORBI MORBI,BIO-AZAPIN 10 T,4,0,301.72,
,,,,,
VIKAS MEDICAL MORBI MORBI,ETIWELL 0.25 10 TAB,4,0,84.84,
,,,,,
VIKAS MEDICAL MORBI MORBI,L-URIDE 10 T,4,0,169.72,
,,,,,
VIKAS MEDICAL MORBI MORBI,R-ZOLE D 10 T,6,0,284.16,
,,,,,
Sub Total,-,0,0,840.44,
,,,,,
VIKAS MEDICAL STORES (BR)317 RAJKOT,BIO-ANXIT 10 T,20,0,1157.2,
,,,,,
VIKAS MEDICAL STORES (BR)317 RAJKOT,BIOMET PG 10 T,20,0,848.6,
,,,,,
VIKAS MEDICAL STORES (BR)317 RAJKOT,BIOMMF  10 T,6,0,2221.74,
,,,,,
VIKAS MEDICAL STORES (BR)317 RAJKOT,BIOPRE-NT 10 T,10,0,900,
,,,,,
VIKAS MEDICAL STORES (BR)317 RAJKOT,BIOTENLY-M 10 T,20,0,1671.4,
,,,,,
VIKAS MEDICAL STORES (BR)317 RAJKOT,BIOVILDA MSR  10 T,10,0,707.1,
,,,,,
VIKAS MEDICAL STORES (BR)317 RAJKOT,BIOXIGA MS 100 10 T,10,0,1414.3,
,,,,,
VIKAS MEDICAL STORES (BR)317 RAJKOT,BIOXIGA S 100 10T,5,0,604.25,
,,,,,
VIKAS MEDICAL STORES (BR)317 RAJKOT,BKETA-DT 15 T.,5,0,225,
,,,,,
VIKAS MEDICAL STORES (BR)317 RAJKOT,BSOX GEL 100 ML,6,0,462.84,
,,,,,
VIKAS MEDICAL STORES (BR)317 RAJKOT,CDH FORTE 10 T.,20,0,1671.4,
,,,,,
VIKAS MEDICAL STORES (BR)317 RAJKOT,DIEXOMET GV 2.3 10 T.,10,0,771.4,
,,,,,
VIKAS MEDICAL STORES (BR)317 RAJKOT,ETIWELL 0.25 10 TAB,30,0,636.3,
,,,,,
VIKAS MEDICAL STORES (BR)317 RAJKOT,ETIWELL 0.5 10 T.,20,0,565.8,
,,,,,
VIKAS MEDICAL STORES (BR)317 RAJKOT,R-ZOLE 20 10 TAB,30,0,1350,
,,,,,
VIKAS MEDICAL STORES (BR)317 RAJKOT,STELLA 60K 4 TAB,30,0,2121.3,
,,,,,
VIKAS MEDICAL STORES (BR)317 RAJKOT,TELEXA M 25 10 T.,3,0,162,
,,,,,
VIKAS MEDICAL STORES (BR)317 RAJKOT,TELEXA-CM 25 10 T.,3,0,250.71,
,,,,,
VIKAS MEDICAL STORES (BR)317 RAJKOT,TELEXA-CM 50 10 T.,10,0,926.4,
,,,,,
VIKAS MEDICAL STORES (BR)317 RAJKOT,VOLENT GEL 30 GM,3,0,154.29,
,,,,,
VIKAS MEDICAL STORES (BR)317 RAJKOT,XEOZIA RD 10 C,3,0,270,
,,,,,
Sub Total,-,0,0,19092.03,
,,,,,
VIKAS MEDICAL STORES PADDHARI PADDHARI,BIO-ANXIT 10 T,10,0,578.6,
,,,,,
Sub Total,-,0,0,578.6,
,,,,,
VIKAS PHARMACY RAJKOT,BIOMMF  10 T,15,0,5554.35,
,,,,,
VIKAS PHARMACY RAJKOT,BIOXIGA MS 100 10 T,9,0,1272.87,
,,,,,
VIKAS PHARMACY RAJKOT,LOSWT 200 G. CHOCO 200 G.,2,0,585.76,
,,,,,
VIKAS PHARMACY RAJKOT,STELLA 60K 4 TAB,20,0,1414.2,
,,,,,
VIKAS PHARMACY RAJKOT,VOLENT SPAS 10 T.,1,0,70.71,
,,,,,
VIKAS PHARMACY RAJKOT,XEOZIA RD 10 C,8,0,720,
,,,,,
Sub Total,-,0,0,9617.89,
,,,,,
VINAYAK M & G ST. LATIPAR LATIPAR,TELEXA-AM 10 TAB,6,0,339.42,
,,,,,
Sub Total,-,0,0,339.42,
,,,,,
VIPUL MEDICAL STORES JASDAN JASDAN,BIO-ANXIT 10 T,-1,0,-57.86,
,,,,,
VIPUL MEDICAL STORES JASDAN JASDAN,BSOX GEL 100 ML,1,0,77.14,
,,,,,
VIPUL MEDICAL STORES JASDAN JASDAN,GTT KIT 75 GM,6,0,219.66,
,,,,,
Sub Total,-,0,0,238.94,
,,,,,
VISHVA MEDICAL STORE RAJKOT,BIOMET G1 P  10 TAB,2,0,84.84,
,,,,,
VISHVA MEDICAL STORE RAJKOT,DIEXOMET G1 10 T,3,0,137.11,
,,,,,
VISHVA MEDICAL STORE RAJKOT,TELEXA AMH  1*10,4,0,257.12,
,,,,,
Sub Total,-,0,0,479.07,
,,,,,
VIVEK MEDICAL STORES(GOKULDHAM) RAJKOT,BIO-ANXIT 10 T,3,0,173.58,
,,,,,
VIVEK MEDICAL STORES(GOKULDHAM) RAJKOT,BIOMET G2 10 T,6,0,138.84,
,,,,,
VIVEK MEDICAL STORES(GOKULDHAM) RAJKOT,VOLENT GEL 30 GM,1,0,51.43,
,,,,,
Sub Total,-,0,0,363.85,
,,,,,
WEL COME PHARMACY RAJKOT,ROZTOR 5 10 T,3,0,96.42,
,,,,,
WEL COME PHARMACY RAJKOT,R-ZOLE DSR 10 CAP,6,0,339.42,
,,,,,
WEL COME PHARMACY RAJKOT,STELLA 60K 4 TAB,6,0,424.26,
,,,,,
Sub Total,-,0,0,860.1,
,,,,,
WELLCARE PHARMACY RAJKOT,BIO-ANXIT 10 T,6,0,318.23,
,,,,,
WELLCARE PHARMACY RAJKOT,BIO-AZAPIN 10 T,170,17,12823.1,
,,,,,
WELLCARE PHARMACY RAJKOT,BIOMMF  10 T,36,18,13330.44,
,,,,,
WELLCARE PHARMACY RAJKOT,BIOPRE-NT 10 T,30,3,2700,
,,,,,
WELLCARE PHARMACY RAJKOT,E-TEGO 10 T,40,4,3416.8,
,,,,,
WELLCARE PHARMACY RAJKOT,ROZTOR 5 10 T,20,2,642.8,
,,,,,
WELLCARE PHARMACY RAJKOT,R-ZOLE 20 10 TAB,10,1,450,
,,,,,
WELLCARE PHARMACY RAJKOT,R-ZOLE D 10 T,30,3,1420.8,
,,,,,
WELLCARE PHARMACY RAJKOT,STELLA 60K 4 TAB,10,1,707.1,
,,,,,
WELLCARE PHARMACY RAJKOT,TELEXA 40 10 TAB,70,7,2970.1,
,,,,,
WELLCARE PHARMACY RAJKOT,TELEXA-AM 10 TAB,30,3,1697.1,
,,,,,
WELLCARE PHARMACY RAJKOT,VOLENT GEL 30 GM,20,2,1028.6,
,,,,,
WELLCARE PHARMACY RAJKOT,VOLENT-P 10 TAB,36,3,1369.24,
,,,,,
Sub Total,-,0,0,42874.31,
,,,,,
YASH MEDICAL STORE 0334 RAJKOT,BIO-ANXIT 10 T,26,0,1504.36,
,,,,,
YASH MEDICAL STORE 0334 RAJKOT,BIOMET G2 P 10 TAB,6,0,278.52,
,,,,,
YASH MEDICAL STORE 0334 RAJKOT,BIOMET PG 10 T,6,0,254.58,
,,,,,
YASH MEDICAL STORE 0334 RAJKOT,BIOPRE-NT 10 T,3,0,270,
,,,,,
YASH MEDICAL STORE 0334 RAJKOT,BIOXIGA M 10 T.,3,0,308.58,
,,,,,
YASH MEDICAL STORE 0334 RAJKOT,BSOX GEL 100 ML,3,0,231.42,
,,,,,
YASH MEDICAL STORE 0334 RAJKOT,DIEXOMET GV 2.3 10 T.,6,0,462.84,
,,,,,
YASH MEDICAL STORE 0334 RAJKOT,GTT KIT 75 GM,3,0,109.83,
,,,,,
YASH MEDICAL STORE 0334 RAJKOT,ROZTOR 5 10 T,6,0,192.84,
,,,,,
YASH MEDICAL STORE 0334 RAJKOT,R-ZOLE D 10 T,8,0,378.88,
,,,,,
YASH MEDICAL STORE 0334 RAJKOT,STELLA 60K 4 TAB,2,0,141.42,
,,,,,
YASH MEDICAL STORE 0334 RAJKOT,TELEXA 40 10 TAB,3,0,127.29,
,,,,,
YASH MEDICAL STORE 0334 RAJKOT,TELEXA-AM 10 TAB,3,0,169.71,
,,,,,
YASH MEDICAL STORE 0334 RAJKOT,TILCEF 250 10 TAB,3,0,466.71,
,,,,,
YASH MEDICAL STORE 0334 RAJKOT,VOLENT GEL 30 GM,6,0,308.58,
,,,,,
Sub Total,-,0,0,5205.56,
,,,,,
YASH PHARMACY RAJKOT,BIOXIGA MS 100 10 T,3,0,424.29,
,,,,,
YASH PHARMACY RAJKOT,ROZTOR 10 10 T,3,0,154.29,
,,,,,
Sub Total,-,0,0,578.58,
,,,,,
Grand Total,,0,0,394090.06,
R-ZOLE D 10 T,,,,,
